image,truth_cat,truth_caption,prediction_filename,prediction_cat,prediction_caption,caption_correct,class_correct,siglip_top1_filename,siglip_top1_caption_correct,truth_caption_in_candidates,siglip_top_gap,rerank_applied,prediction_rerank_score,prediction_siglip_score,prediction_final_score,siglip_image_and_recall_sec,rerank_sec,final_selection_sec,total_image_sec,ranked_candidates
Abalone/Abalone_0091.jpg,Abalone,One piece of golden braised abalone swimming in the light brown sauce with two freshly boiled asparagus and a lovely red cherry tomato,Abalone/Abalone_0091.jpg,Abalone,One piece of golden braised abalone swimming in the light brown sauce with two freshly boiled asparagus and a lovely red cherry tomato,1,1,Abalone/Abalone_0091.jpg,1,1,2.660297,1,0.760651,21.869057,0.760651,0.261127,0.937800,0.000144,1.199076,Abalone/Abalone_0091.jpg:0.7607; Abalone/Abalone_0088.jpg:0.4649; Abalone/Abalone_0093.jpg:0.4397; Abalone/Abalone_0097.jpg:0.3739; Paupiette/Paupiette_0082.jpg:0.3174
Aburaage/Aburaage_0082.jpg,Aburaage,Three pieces of yellow fried thin aburaage stored in a plastic bag.,Aburaage/Aburaage_0082.jpg,Aburaage,Three pieces of yellow fried thin aburaage stored in a plastic bag.,1,1,Aburaage/Aburaage_0096.jpg,0,1,0.810625,1,0.656658,18.746643,0.656658,0.157239,1.512463,0.000147,1.669854,Aburaage/Aburaage_0082.jpg:0.6567; Aburaage/Aburaage_0089.jpg:0.5641; Aburaage/Aburaage_0083.jpg:0.4206; Aburaage/Aburaage_0095.jpg:0.3886; Aburaage/Aburaage_0096.jpg:0.3648
Aligot/Aligot_0081.jpg,Aligot,Half a plate of white and creamy aligot served with four slices of sausages and a piece of lettuce.,Aligot/Aligot_0081.jpg,Aligot,Half a plate of white and creamy aligot served with four slices of sausages and a piece of lettuce.,1,1,Bangers_and_mash/Bangers_and_mash_0097.jpg,0,1,2.483116,1,0.675765,17.314323,0.675765,0.153830,0.446172,0.000147,0.600154,Aligot/Aligot_0081.jpg:0.6758; Bangers_and_mash/Bangers_and_mash_0097.jpg:0.4961; Bangers_and_mash/Bangers_and_mash_0098.jpg:0.4417; Aligot/Aligot_0084.jpg:0.3757; Bangers_and_mash/Bangers_and_mash_0093.jpg:0.3208
Aloo_gobi/Aloo_gobi_0094.jpg,Aloo_gobi,A rich mix of diced tomatoes and thick masala coating potatoes and cauliflower,Aloo_gobi/Aloo_gobi_0094.jpg,Aloo_gobi,A rich mix of diced tomatoes and thick masala coating potatoes and cauliflower,1,1,Aloo_gobi/Aloo_gobi_0094.jpg,1,1,0.169655,1,0.482429,12.897271,0.482429,0.156804,1.177486,0.000193,1.334490,Aloo_gobi/Aloo_gobi_0094.jpg:0.4824; Aloo_gobi/Aloo_gobi_0089.jpg:0.4397; Biryani/Biryani_0085.jpg:0.3612; Aloo_gobi/Aloo_gobi_0096.jpg:0.3225; Panzanella/Panzanella_0086.jpg:0.3090
Andong_jjimdak/Andong_jjimdak_0094.jpg,Andong_jjimdak,"A pot of stewed chicken doused in sweet and subtly spicy sauce together with carrots, potatoes, onions and chilli sauce garnished with chopped coriander",Andong_jjimdak/Andong_jjimdak_0094.jpg,Andong_jjimdak,"A pot of stewed chicken doused in sweet and subtly spicy sauce together with carrots, potatoes, onions and chilli sauce garnished with chopped coriander",1,1,Andong_jjimdak/Andong_jjimdak_0094.jpg,1,1,0.197536,1,0.529263,14.021632,0.529263,0.306535,2.671710,0.000157,2.978408,Andong_jjimdak/Andong_jjimdak_0094.jpg:0.5293; Goulash/Goulash_0097.jpg:0.4591; Chicken_cacciatore/Chicken_cacciatore_0100.jpg:0.3648; Chicken_cacciatore/Chicken_cacciatore_0083.jpg:0.3311; Chicken_cacciatore/Chicken_cacciatore_0081.jpg:0.3225
Ants_climbing_a_tree/Ants_climbing_a_tree_0095.jpg,Ants_climbing_a_tree,"A mix of ground pork, vermicelli and chopped fresh chili",Ants_climbing_a_tree/Ants_climbing_a_tree_0091.jpg,Ants_climbing_a_tree,"Vermicelli had been stir fried with ground pork, green red pepper and chilly sauce in a flavorful sauce",0,1,Ants_climbing_a_tree/Ants_climbing_a_tree_0091.jpg,0,0,0.397251,1,0.573678,20.517344,0.573678,0.152248,0.738402,0.000134,0.890790,Ants_climbing_a_tree/Ants_climbing_a_tree_0091.jpg:0.5737; Ants_climbing_a_tree/Ants_climbing_a_tree_0086.jpg:0.5487; Ants_climbing_a_tree/Ants_climbing_a_tree_0082.jpg:0.4863; Ants_climbing_a_tree/Ants_climbing_a_tree_0081.jpg:0.3961; Ants_climbing_a_tree/Ants_climbing_a_tree_0096.jpg:0.3648
Anzac_biscuit/Anzac_biscuit_0082.jpg,Anzac_biscuit,Flat round yellow Anzac biscuit mixed with oat in it placed on baking paper.,Anzac_biscuit/Anzac_biscuit_0093.jpg,Anzac_biscuit,A heap of golden oaty and buttery anzac biscuits with cracked surface on the oil paper,0,1,Anzac_biscuit/Anzac_biscuit_0082.jpg,1,1,1.610880,1,0.531209,16.718830,0.531209,0.179629,1.693831,0.000156,1.873622,Anzac_biscuit/Anzac_biscuit_0093.jpg:0.5312; Anzac_biscuit/Anzac_biscuit_0082.jpg:0.4688; Anzac_biscuit/Anzac_biscuit_0091.jpg:0.4494; Anzac_biscuit/Anzac_biscuit_0084.jpg:0.3702; Anzac_biscuit/Anzac_biscuit_0081.jpg:0.2173
Apple_dumpling/Apple_dumpling_0084.jpg,Apple_dumpling,A circle shape apple dumpling with small chunks of apple as fillings topped with cinnamon.,Apple_dumpling/Apple_dumpling_0095.jpg,Apple_dumpling,"An apple dumpling dipped in the syrup consisting of a big dumpling filled with apples, butter, sugar and cinnamon",0,1,Apple_dumpling/Apple_dumpling_0095.jpg,0,1,1.195544,1,0.588889,14.830196,0.588889,0.148559,1.062918,0.000127,1.211610,Apple_dumpling/Apple_dumpling_0095.jpg:0.5889; Apple_dumpling/Apple_dumpling_0084.jpg:0.5176; Apple_dumpling/Apple_dumpling_0097.jpg:0.5059; Apple_dumpling/Apple_dumpling_0083.jpg:0.4263; Apple_dumpling/Apple_dumpling_0081.jpg:0.4206
Apple_pie/Apple_pie_0064.jpg,Apple_pie,Apple pie with golden pastry filled with soft waxy apple pieces,Apple_pie/Apple_pie_0064.jpg,Apple_pie,Apple pie with golden pastry filled with soft waxy apple pieces,1,1,Apple_pie/Apple_pie_0064.jpg,1,1,0.491994,1,0.581303,15.726905,0.581303,0.160716,0.847018,0.000150,1.007889,Apple_pie/Apple_pie_0064.jpg:0.5813; Butter_pie/Butter_pie_0083.jpg:0.4844; Apple_pie/Apple_pie_0058.jpg:0.3961; Butter_pie/Butter_pie_0089.jpg:0.3469; Apple_crisp/Apple_crisp_0084.jpg:0.3433
Apple_sauce/Apple_sauce_0089.jpg,Apple_sauce,Yellow apple sauce seasoned with some cinnamon and placed in a glass bowl.,Apple_sauce/Apple_sauce_0089.jpg,Apple_sauce,Yellow apple sauce seasoned with some cinnamon and placed in a glass bowl.,1,1,Apple_sauce/Apple_sauce_0099.jpg,0,1,0.497389,1,0.679179,14.771528,0.679179,0.150289,1.402893,0.000142,1.553328,Apple_sauce/Apple_sauce_0089.jpg:0.6792; Apple_sauce/Apple_sauce_0086.jpg:0.5583; Apple_sauce/Apple_sauce_0095.jpg:0.5254; Apple_sauce/Apple_sauce_0083.jpg:0.4688; Apple_sauce/Apple_sauce_0099.jpg:0.4668
Apple_strudel/Apple_strudel_0091.jpg,Apple_strudel,Three pieces of crispy apple strudel with full nuts fillings cut from the newly baked whole one on the blue checkered cloth,Apple_strudel/Apple_strudel_0091.jpg,Apple_strudel,Three pieces of crispy apple strudel with full nuts fillings cut from the newly baked whole one on the blue checkered cloth,1,1,Apple_strudel/Apple_strudel_0091.jpg,1,1,5.871851,0,0.000000,20.164881,20.164881,0.146318,0.000026,0.000070,0.146418,Apple_strudel/Apple_strudel_0091.jpg:20.1649; Apple_strudel/Apple_strudel_0084.jpg:14.2930; Apple_strudel/Apple_strudel_0093.jpg:14.1200; Apple_strudel/Apple_strudel_0098.jpg:12.7888; Apple_strudel/Apple_strudel_0100.jpg:12.7019
Applesauce_cake/Applesauce_cake_0086.jpg,Applesauce_cake,A piece of square applesauce cake topped with white chocolate served with two sliced apples and mint leaves.,Applesauce_cake/Applesauce_cake_0086.jpg,Applesauce_cake,A piece of square applesauce cake topped with white chocolate served with two sliced apples and mint leaves.,1,1,Applesauce_cake/Applesauce_cake_0086.jpg,1,1,1.896384,1,0.642432,14.605993,0.642432,0.137198,0.519044,0.000149,0.656395,Applesauce_cake/Applesauce_cake_0086.jpg:0.6424; Applesauce_cake/Applesauce_cake_0081.jpg:0.4785; Plum_cake/Plum_cake_0097.jpg:0.4321; Applesauce_cake/Applesauce_cake_0087.jpg:0.4073; Applesauce_cake/Applesauce_cake_0082.jpg:0.3684
Arab_salad/Arab_salad_0090.jpg,Arab_salad,Fresh Arab salad mixed by chopped parsley and blocks of tomatoes put on the top of sliced tomatoes.,Arab_salad/Arab_salad_0090.jpg,Arab_salad,Fresh Arab salad mixed by chopped parsley and blocks of tomatoes put on the top of sliced tomatoes.,1,1,Arab_salad/Arab_salad_0096.jpg,0,1,2.713285,1,0.562177,17.296419,0.562177,0.176195,1.688590,0.000151,1.864943,Arab_salad/Arab_salad_0090.jpg:0.5622; Arab_salad/Arab_salad_0096.jpg:0.4980; Tabbouleh/Tabbouleh_0088.jpg:0.4961; Tabbouleh/Tabbouleh_0094.jpg:0.4824; Arab_salad/Arab_salad_0081.jpg:0.4610
Arancini/Arancini_0088.jpg,Arancini,"Five arancini fried into yellow and fully filled with bacon and rice, served with a small bowl of ketchup.",Arancini/Arancini_0088.jpg,Arancini,"Five arancini fried into yellow and fully filled with bacon and rice, served with a small bowl of ketchup.",1,1,Arancini/Arancini_0088.jpg,1,1,2.328560,1,0.613237,19.168180,0.613237,0.148113,1.108505,0.000144,1.256768,Arancini/Arancini_0088.jpg:0.6132; Arancini/Arancini_0090.jpg:0.5195; Arancini/Arancini_0091.jpg:0.4591; Arancini/Arancini_0093.jpg:0.3942; Arancini/Arancini_0085.jpg:0.3242
Asam_pedas/Asam_pedas_0081.jpg,Asam_pedas,firm asam pedas soaked in spicy red soup and decorated with green laksa leaves,Asam_pedas/Asam_pedas_0081.jpg,Asam_pedas,firm asam pedas soaked in spicy red soup and decorated with green laksa leaves,1,1,Asam_pedas/Asam_pedas_0081.jpg,1,1,1.148710,1,0.437823,18.869825,0.437823,0.147111,0.582368,0.000151,0.729636,Asam_pedas/Asam_pedas_0081.jpg:0.4378; Asam_pedas/Asam_pedas_0083.jpg:0.4378; Asam_pedas/Asam_pedas_0082.jpg:0.3775; Asam_pedas/Asam_pedas_0097.jpg:0.3558; Asam_pedas/Asam_pedas_0096.jpg:0.2814
Avocado_bread/Avocado_bread_0085.jpg,Avocado_bread,"avocado bread with half of an avocado on top sandwiched with fried eggs, tomato slices and lettuce inside",Avocado_bread/Avocado_bread_0085.jpg,Avocado_bread,"avocado bread with half of an avocado on top sandwiched with fried eggs, tomato slices and lettuce inside",1,1,Sausage_sandwich/Sausage_sandwich_0091.jpg,0,1,0.426020,1,0.629775,14.386172,0.629775,0.149833,1.322521,0.000146,1.472505,Avocado_bread/Avocado_bread_0085.jpg:0.6298; Sausage_sandwich/Sausage_sandwich_0091.jpg:0.3346; BLT_sandwich/BLT_sandwich_0093.jpg:0.3346; Avocado_sauce/Avocado_sauce_0082.jpg:0.2598; Bacon_sandwich/Bacon_sandwich_0086.jpg:0.2337
Avocado_key_lime_pie/Avocado_key_lime_pie_0100.jpg,Avocado_key_lime_pie,A slice of avocado lime pie topped with whipped cream and a lime wedge.,Key_lime_pie/Key_lime_pie_0109.jpg,Key_lime_pie,a white plate contained a piece of key lime pie which is decorated with several lumps of white cream and shreds of green lime skin,0,0,Key_lime_pie/Key_lime_pie_0109.jpg,0,0,0.689507,1,0.544801,15.585306,0.544801,0.148640,1.017188,0.000145,1.165978,Key_lime_pie/Key_lime_pie_0109.jpg:0.5448; Key_lime_pie/Key_lime_pie_0102.jpg:0.5156; Key_lime_pie/Key_lime_pie_0108.jpg:0.4980; Key_lime_pie/Key_lime_pie_0094.jpg:0.3923; Key_lime_pie/Key_lime_pie_0105.jpg:0.3594
Avocado_sauce/Avocado_sauce_0083.jpg,Avocado_sauce,creamy light green avocado sauce in a transparent bottle on a wood panel,Avocado_sauce/Avocado_sauce_0083.jpg,Avocado_sauce,creamy light green avocado sauce in a transparent bottle on a wood panel,1,1,Avocado_sauce/Avocado_sauce_0083.jpg,1,1,1.577188,1,0.567937,12.706688,0.567937,0.153730,1.599204,0.000146,1.753086,Avocado_sauce/Avocado_sauce_0083.jpg:0.5679; Avocado_sauce/Avocado_sauce_0081.jpg:0.4436; Avocado_sauce/Avocado_sauce_0082.jpg:0.4340; Avocado_sauce/Avocado_sauce_0099.jpg:0.4282; Avocado_sauce/Avocado_sauce_0084.jpg:0.3486
Avocado_toast/Avocado_toast_0086.jpg,Avocado_toast,"two slices of avocado toast sprinkled with chopped peppers and parsley, accompanied with a lemon slice",Avocado_toast/Avocado_toast_0086.jpg,Avocado_toast,"two slices of avocado toast sprinkled with chopped peppers and parsley, accompanied with a lemon slice",1,1,Avocado_toast/Avocado_toast_0086.jpg,1,1,1.438811,1,0.656658,16.733154,0.656658,0.159317,1.646777,0.000149,1.806250,Avocado_toast/Avocado_toast_0086.jpg:0.6567; Avocado_toast/Avocado_toast_0099.jpg:0.5351; Avocado_bread/Avocado_bread_0098.jpg:0.4785; Avocado_toast/Avocado_toast_0098.jpg:0.4455; Avocado_sauce/Avocado_sauce_0099.jpg:0.3208
Ayam_bakar/Ayam_bakar_0095.jpg,Ayam_bakar,"Deep grilled Ayam bakar with golden and dry outside, served on a white plate.",Ayam_bakar/Ayam_bakar_0095.jpg,Ayam_bakar,"Deep grilled Ayam bakar with golden and dry outside, served on a white plate.",1,1,Ayam_goreng/Ayam_goreng_0098.jpg,0,1,0.218187,1,0.560253,14.339426,0.560253,0.184285,1.678917,0.000151,1.863359,Ayam_bakar/Ayam_bakar_0095.jpg:0.5603; Ikan_bakar/Ikan_bakar_0083.jpg:0.5000; Ayam_bakar/Ayam_bakar_0098.jpg:0.4668; Ayam_goreng/Ayam_goreng_0098.jpg:0.4301; Ayam_bakar/Ayam_bakar_0096.jpg:0.3868
Ayam_goreng/Ayam_goreng_0098.jpg,Ayam_goreng,Some bone-in grilled Ayam goreng seasoned with various fresh spices.,Bourbon_chicken/Bourbon_chicken_0096.jpg,Bourbon_chicken,bourbon chicken with roasted skin stir-fried with dried red pepper and garlic bolt.,0,0,Bourbon_chicken/Bourbon_chicken_0096.jpg,0,1,0.122593,1,0.457137,13.496913,0.457137,0.140993,0.423956,0.000143,0.565098,Bourbon_chicken/Bourbon_chicken_0096.jpg:0.4571; Ayam_betutu/Ayam_betutu_0085.jpg:0.4455; Dong'an_chicken/Dong'an_chicken_0072.jpg:0.4092; Ayam_goreng/Ayam_goreng_0098.jpg:0.3794; Dong'an_chicken/Dong'an_chicken_0096.jpg:0.3191
BLT_sandwich/BLT_sandwich_0105.jpg,BLT_sandwich,"On the white plate, there is a BLT sandwich within two pieces of really crispy toast covering tomato slices, chopped lettuce and roasted bacon",BLT_sandwich/BLT_sandwich_0093.jpg,BLT_sandwich,"BLT sandwich consisting of crispy becons, tomatoes slices, and romaine lettuces combined with a fried egg covered between two toasts.",0,1,BLT_sandwich/BLT_sandwich_0093.jpg,0,0,2.016606,1,0.533154,16.805290,0.533154,0.141643,0.410428,0.000143,0.552220,BLT_sandwich/BLT_sandwich_0093.jpg:0.5332; Bacon_egg_and_cheese_sandwich/Bacon_egg_and_cheese_sandwich_0132.jpg:0.5254; Bacon_sandwich/Bacon_sandwich_0097.jpg:0.4727; BLT_sandwich/BLT_sandwich_0091.jpg:0.3923; Bacon_sandwich/Bacon_sandwich_0081.jpg:0.3849
Babi_panggang/Babi_panggang_0100.jpg,Babi_panggang,"Chopped Babi panggang made with dark grilled pork, served on an orange plate.",Babi_panggang/Babi_panggang_0100.jpg,Babi_panggang,"Chopped Babi panggang made with dark grilled pork, served on an orange plate.",1,1,Babi_panggang/Babi_panggang_0100.jpg,1,1,2.348696,1,0.695958,19.665010,0.695958,0.148104,0.664178,0.000150,0.812438,Babi_panggang/Babi_panggang_0100.jpg:0.6960; Babi_panggang/Babi_panggang_0093.jpg:0.4225; Babi_panggang/Babi_panggang_0098.jpg:0.3757; Babi_panggang/Babi_panggang_0172.jpg:0.3433; Babi_panggang/Babi_panggang_0102.jpg:0.2958
Bacon_and_eggs/Bacon_and_eggs_0097.jpg,Bacon_and_eggs,Two bacon strips and two eggs positioned as a skull for Halloween.,Bacon_and_eggs/Bacon_and_eggs_0097.jpg,Bacon_and_eggs,Two bacon strips and two eggs positioned as a skull for Halloween.,1,1,Bacon_and_eggs/Bacon_and_eggs_0097.jpg,1,1,8.133216,0,0.000000,20.728600,20.728600,0.210227,0.000033,0.000098,0.210362,Bacon_and_eggs/Bacon_and_eggs_0097.jpg:20.7286; Bacon_and_eggs/Bacon_and_eggs_0087.jpg:12.5954; Bacon_and_eggs/Bacon_and_eggs_0098.jpg:9.9345; Bacon_sandwich/Bacon_sandwich_0086.jpg:9.6073; Bacon_and_eggs/Bacon_and_eggs_0088.jpg:8.1473
Bacon_explosion/Bacon_explosion_0113.jpg,Bacon_explosion,"A overly cooked bacon explosion with charred outside, served in a deep plate.",Bacon_explosion/Bacon_explosion_0098.jpg,Bacon_explosion,a nicely baked bacon explosion with a caramelize skin on a white plate,0,1,Bacon_explosion/Bacon_explosion_0094.jpg,0,1,0.768559,1,0.509764,17.936771,0.509764,0.149606,0.935714,0.000153,1.085478,Bacon_explosion/Bacon_explosion_0098.jpg:0.5098; Bacon_explosion/Bacon_Explosion_0095.jpg:0.4785; Bacon_explosion/Bacon_explosion_0094.jpg:0.4552; Bacon_explosion/Bacon_explosion_0113.jpg:0.4417; Bacon_explosion/Bacon_Explosion_0096.jpg:0.3648
Bacon_sandwich/Bacon_sandwich_0098.jpg,Bacon_sandwich,"Two bacon sandwiches made with white bread and filled with bacon, eggs, and cabbages, garnished with cherry tomatoes and walnuts on the side.",Bacon_sandwich/Bacon_sandwich_0086.jpg,Bacon_sandwich,finely baked bacon sandwich filled with bacon slices and fried eggs layer-by-layer on a plate,0,1,Bacon_sandwich/Bacon_sandwich_0086.jpg,0,0,0.994947,1,0.490236,15.858137,0.490236,0.146885,1.196262,0.000142,1.343294,Bacon_sandwich/Bacon_sandwich_0086.jpg:0.4902; Cheese_and_tomato_sandwich/Cheese_and_tomato_sandwich_0092.jpg:0.4417; Bacon_sandwich/Bacon_sandwich_0081.jpg:0.4149; Ham_sandwich/Ham_sandwich_0095.jpg:0.3346; Cheese_and_tomato_sandwich/Cheese_and_tomato_sandwich_0091.jpg:0.3107
Baked_beans/Baked_beans_0081.jpg,Baked_beans,"soft baked beans cooked with fat soaked in thick sauce on a plate, accompanied with a piece of bread",Baked_beans/Baked_beans_0081.jpg,Baked_beans,"soft baked beans cooked with fat soaked in thick sauce on a plate, accompanied with a piece of bread",1,1,Baked_beans/Baked_beans_0081.jpg,1,1,0.047394,1,0.611382,13.110452,0.611382,0.148159,0.949564,0.000147,1.097875,Baked_beans/Baked_beans_0081.jpg:0.6114; Baked_beans/Baked_beans_0084.jpg:0.5832; Baked_beans/Baked_beans_0099.jpg:0.3942; Menudo/Menudo_0100.jpg:0.3259; Pork_Knuckles_and_Ginger_Stew/Pork_Knuckles_and_Ginger_Stew_0091.jpg:0.2494
Banana_bread/Banana_bread_0098.jpg,Banana_bread,"Banana bread made with chopped nuts and mashed bananas, with white icing on top and a cup of yogurt on the side.",Carrot_bread/Carrot_bread_0084.jpg,Carrot_bread,Several slices of carrot bread full of shredded carrots and nuts with creamy frosting,0,0,Carrot_bread/Carrot_bread_0084.jpg,0,1,0.052095,1,0.567937,15.143908,0.567937,0.141089,0.394637,0.000156,0.535888,Carrot_bread/Carrot_bread_0084.jpg:0.5679; Banana_bread/Banana_bread_0098.jpg:0.4980; Carrot_bread/Carrot_bread_0088.jpg:0.4417; Carrot_cake/Carrot_cake_0081.jpg:0.3979; Applesauce_cake/Applesauce_cake_0081.jpg:0.3849
Banana_pudding/Banana_pudding_0097.jpg,Banana_pudding,Creamy banana pudding in a translucent glass cup garnished with sliced bananas and a butter cookie.,Banana_pudding/Banana_pudding_0090.jpg,Banana_pudding,"a tender banana pudding topped with wafers, bananas, and brown syrup",0,1,Banana_pudding/Banana_pudding_0090.jpg,0,1,1.672400,1,0.668880,13.204384,0.668880,0.148325,1.029644,0.000152,1.178127,Banana_pudding/Banana_pudding_0090.jpg:0.6689; Banana_pudding/Banana_pudding_0081.jpg:0.5908; Banana_pudding/Banana_pudding_0097.jpg:0.5737; Banana_pudding/Banana_pudding_0087.jpg:0.5351; Cheese_pudding/Cheese_pudding_0054.jpg:0.5137
Banana_salad/Banana_salad_0091.jpg,Banana_salad,Several banana slices and diced watermelon mixed with mayonnaise in a black round bowl.,Banana_salad/Banana_salad_0091.jpg,Banana_salad,Several banana slices and diced watermelon mixed with mayonnaise in a black round bowl.,1,1,Sicilian_orange_salad/Sicilian_orange_salad_0100.jpg,0,1,0.451211,1,0.685949,12.916758,0.685949,0.146617,0.534443,0.000157,0.681223,Banana_salad/Banana_salad_0091.jpg:0.6859; Sicilian_orange_salad/Sicilian_orange_salad_0100.jpg:0.4707; Banana_salad/Banana_salad_0096.jpg:0.3522; Cebolada/Cebolada_0087.jpg:0.2720; Pork_tenderloin/Pork_tenderloin_0096.jpg:0.2480
Banana_split/Banana_split_0097.jpg,Banana_split,"A banana divided into halves, with two ice creams coated with chocolate sauce and sprinkled with some nuts.",Banana_split/Banana_split_0097.jpg,Banana_split,"A banana divided into halves, with two ice creams coated with chocolate sauce and sprinkled with some nuts.",1,1,Banana_split/Banana_split_0097.jpg,1,1,1.980143,1,0.677474,19.619747,0.677474,0.141766,0.439609,0.000153,0.581533,Banana_split/Banana_split_0097.jpg:0.6775; Banana_split/Banana_split_0088.jpg:0.6442; Banana_split/Banana_split_0101.jpg:0.6388; Banana_split/Banana_split_0085.jpg:0.4571; Banana_split/Banana_split_0096.jpg:0.4475
Bangers_and_mash/Bangers_and_mash_0081.jpg,Bangers_and_mash,black bangers neatly placed together with mashed potatoes accompanied by a bowl of red sauce.,Bangers_and_mash/Bangers_and_mash_0081.jpg,Bangers_and_mash,black bangers neatly placed together with mashed potatoes accompanied by a bowl of red sauce.,1,1,Bangers_and_mash/Bangers_and_mash_0097.jpg,0,1,1.283902,1,0.569853,15.457622,0.569853,0.142971,0.456988,0.000153,0.600116,Bangers_and_mash/Bangers_and_mash_0081.jpg:0.5699; Bangers_and_mash/Bangers_and_mash_0085.jpg:0.5679; Bangers_and_mash/Bangers_and_mash_0084.jpg:0.3540; Bangers_and_mash/Bangers_and_mash_0097.jpg:0.3433; Bangers_and_mash/Bangers_and_mash_0098.jpg:0.3259
Banh_bo/Banh_bo_0083.jpg,Banh_bo,light green banh bo with cracks on the surface with fluffy white banh bo on a plate.,Banh_bo/Banh_bo_0083.jpg,Banh_bo,light green banh bo with cracks on the surface with fluffy white banh bo on a plate.,1,1,Banh_bo/Banh_bo_0083.jpg,1,1,2.296083,1,0.613237,21.302176,0.613237,0.148315,0.723122,0.000090,0.871531,Banh_bo/Banh_bo_0083.jpg:0.6132; Banh_bo/Banh_bo_0082.jpg:0.5254; Banh_bo/Banh_bo_0086.jpg:0.3720; Banh_bo/Banh_bo_0081.jpg:0.3558; Banh_bo/Banh_bo_0085.jpg:0.3522
Bean_pie/Bean_pie_0086.jpg,Bean_pie,one fraction of bean pie with a light brown coat made of mashed beans scooped out with a spoon.,Apple_pie/Apple_pie_0065.jpg,Apple_pie,A piece of golden soft waxy apple pie with chunky filling,0,0,Bean_pie/Bean_pie_0086.jpg,1,1,0.932503,1,0.566019,14.351026,0.566019,0.368008,3.171411,0.000116,3.539540,Apple_pie/Apple_pie_0065.jpg:0.5660; Bean_pie/Bean_pie_0086.jpg:0.4610; Bean_pie/Bean_pie_0083.jpg:0.4282; Butter_pie/Butter_pie_0086.jpg:0.4092; Bean_pie/Bean_pie_0082.jpg:0.3905
Beef_Wellington/Beef_Wellington_0081.jpg,Beef_Wellington,beef wellington consisted of a whole baked beef wrapped with a crispy crust accompanied by the red sauce.,Beef_Wellington/Beef_Wellington_0081.jpg,Beef_Wellington,beef wellington consisted of a whole baked beef wrapped with a crispy crust accompanied by the red sauce.,1,1,Beef_Wellington/Beef_Wellington_0092.jpg,0,1,0.876713,1,0.685949,10.901748,0.685949,0.162364,1.580995,0.000151,1.743515,Beef_Wellington/Beef_Wellington_0081.jpg:0.6859; Beef_Wellington/Beef_Wellington_0083.jpg:0.6826; Beef_Wellington/Beef_Wellington_0092.jpg:0.6424; Beef_Wellington/Beef_Wellington_0094.jpg:0.5889; Beef_bun/Beef_bun_0095.jpg:0.4980
Beef_bun/Beef_bun_0086.jpg,Beef_bun,"roasted beef, cheese, and salad placed in two buns garnished with cucumber and carrots on a plate.",Beef_bun/Beef_bun_0086.jpg,Beef_bun,"roasted beef, cheese, and salad placed in two buns garnished with cucumber and carrots on a plate.",1,1,Beef_bun/Beef_bun_0086.jpg,1,1,5.944217,0,0.000000,17.320591,17.320591,0.147578,0.000027,0.000072,0.147681,Beef_bun/Beef_bun_0086.jpg:17.3206; Melt_sandwich/Melt_sandwich_0092.jpg:11.3764; Beef_Wellington/Beef_Wellington_0085.jpg:11.1251; hamburgers/hamburgers_0093.jpg:10.7027; Corned_beef_sandwich/Corned_beef_sandwich_0092.jpg:9.8409
Beef_chow_fun/Beef_chow_fun_0099.jpg,Beef_chow_fun,"Bright and wide vermicelli, bean sprouts, green onion segments, and beef slices mixed.",Beef_chow_fun/Beef_chow_fun_0083.jpg,Beef_chow_fun,beef chow fun consisted of diced beef stir-frying with wide hor fun and bean sprouts.,0,1,Beef_chow_fun/Beef_chow_fun_0083.jpg,0,0,1.676125,1,0.511717,19.660919,0.511717,0.153429,0.431345,0.000143,0.584921,Beef_chow_fun/Beef_chow_fun_0083.jpg:0.5117; Beef_chow_fun/Beef_chow_fun_0111.jpg:0.5039; Lo_mein/Lo_mein_0095.jpg:0.4902; Beef_chow_fun/Beef_chow_fun_0085.jpg:0.4805; Beef_chow_fun/Beef_chow_fun_0104.jpg:0.3684
Beef_noodle_soup/Beef_noodle_soup_0096.jpg,Beef_noodle_soup,"A bowl of brown soup with some noodles, some slices of beef, a cabbage, and some chopped coriander.",Beef_noodle_soup/Beef_noodle_soup_0084.jpg,Beef_noodle_soup,noodles hiding under many beef slices in oily soup flavored with chopped green onions.,0,1,Duck_soup_noodles/Duck_soup_noodles_0116.jpg,0,0,2.664915,1,0.585101,16.503704,0.585101,0.157399,1.552029,0.000151,1.709585,Beef_noodle_soup/Beef_noodle_soup_0084.jpg:0.5851; Beef_noodle_soup/Beef_noodle_soup_0085.jpg:0.5117; Duck_soup_noodles/Duck_soup_noodles_0116.jpg:0.4036; Beef_chow_fun/Beef_chow_fun_0099.jpg:0.3612; Noodle_soup/Noodle_soup_0093.jpg:0.3469
Bibimbap/Bibimbap_0084.jpg,Bibimbap,"bibimbap covered with seaweed, shredded potatoes, zucchini, mushroom, pickled cabbage, and mashed pork surrounding a yolk.",Bibimbap/Bibimbap_0091.jpg,Bibimbap,"Some bean sprouts, some onion strips, some spinach, some radish strips, some mushroom pieces, some platycodon root strips, some shredded meat and egg yolk in a black stone pot.",0,1,Bibimbap/Bibimbap_0084.jpg,1,1,1.234518,1,0.590779,17.585129,0.590779,0.162491,1.649909,0.000109,1.812513,Bibimbap/Bibimbap_0091.jpg:0.5908; Bibimbap/Bibimbap_0092.jpg:0.5234; Bibimbap/Bibimbap_0085.jpg:0.4941; Bibimbap/Bibimbap_0084.jpg:0.4883; Bibimbap/Bibimbap_0099.jpg:0.4340
Bibingka/Bibingka_0089.jpg,Bibingka,a bibingka with banana leave bottom which is golden yellow with cheese on top,Bibingka/Bibingka_0089.jpg,Bibingka,a bibingka with banana leave bottom which is golden yellow with cheese on top,1,1,Bibingka/Bibingka_0089.jpg,1,1,2.634260,1,0.637031,19.362597,0.637031,0.150877,1.307856,0.000154,1.458892,Bibingka/Bibingka_0089.jpg:0.6370; Bibingka/Bibingka_0081.jpg:0.4883; Bibingka/Bibingka_0083.jpg:0.4649; Bibingka/Bibingka_0094.jpg:0.3961; Bibingka/Bibingka_0088.jpg:0.3905
Biryani/Biryani_0084.jpg,Biryani,a plate of biryani with stir-fried rice surrounding with diced lemon covered with mints and coriander.,Biryani/Biryani_0084.jpg,Biryani,a plate of biryani with stir-fried rice surrounding with diced lemon covered with mints and coriander.,1,1,Biryani/Biryani_0084.jpg,1,1,2.873981,1,0.629775,16.159496,0.629775,0.191549,1.782649,0.000144,1.974346,Biryani/Biryani_0084.jpg:0.6298; Biryani/Biryani_0086.jpg:0.4321; Biryani/Biryani_0085.jpg:0.4017; Biryani/Biryani_0082.jpg:0.3961; Biryani/Biryani_0091.jpg:0.3486
Black_Forest_gateau/Black_Forest_gateau_0099.jpg,Black_Forest_gateau,"On the top of the Black Forest gateau sprinkled with chocolate chips is a circle of flowers made of cream, each with a cherry on it, and a red handkerchief with yellow lace next to it.",Black_Forest_gateau/Black_Forest_gateau_0082.jpg,Black_Forest_gateau,black forest gateau made of a chocolate cake with cream covered with chocolate shavings garnished with cherries.,0,1,Black_Forest_gateau/Black_Forest_gateau_0085.jpg,0,1,0.458216,1,0.603932,16.622612,0.603932,0.159612,1.559135,0.000145,1.718899,Black_Forest_gateau/Black_Forest_gateau_0082.jpg:0.6039; Black_Forest_gateau/Black_Forest_gateau_0083.jpg:0.5983; Black_Forest_gateau/Black_Forest_gateau_0099.jpg:0.5409; Black_Forest_gateau/Black_Forest_gateau_0085.jpg:0.5059; Black_Forest_gateau/Black_Forest_gateau_0086.jpg:0.4844
Black_pepper_crab/Black_pepper_crab_0085.jpg,Black_pepper_crab,A plate of black pepper crab with a dash of coriander and big red claws.,Black_pepper_crab/Black_pepper_crab_0085.jpg,Black_pepper_crab,A plate of black pepper crab with a dash of coriander and big red claws.,1,1,Black_pepper_crab/Black_pepper_crab_0093.jpg,0,1,0.088999,1,0.598312,17.972248,0.598312,0.148101,0.590405,0.000129,0.738640,Black_pepper_crab/Black_pepper_crab_0085.jpg:0.5983; Black_pepper_crab/Black_pepper_crab_0095.jpg:0.4824; Black_pepper_crab/Black_pepper_crab_0093.jpg:0.4475; Black_pepper_crab/Black_pepper_crab_0086.jpg:0.4225; Black_pepper_crab/Black_pepper_crab_0082.jpg:0.3794
Blackberry_pie/Blackberry_pie_0094.jpg,Blackberry_pie,a blackberry pie made of juicy blackberry jam wrapped with golden pastry accompanying whipped cream and ice cream.,Blackberry_pie/Blackberry_pie_0094.jpg,Blackberry_pie,a blackberry pie made of juicy blackberry jam wrapped with golden pastry accompanying whipped cream and ice cream.,1,1,Blackberry_pie/Blackberry_pie_0094.jpg,1,1,0.268238,1,0.613237,16.581446,0.613237,0.254905,2.280273,0.000147,2.535330,Blackberry_pie/Blackberry_pie_0094.jpg:0.6132; Blackberry_pie/Blackberry_pie_0093.jpg:0.5390; Blackberry_pie/Blackberry_pie_0099.jpg:0.5293; Blackberry_pie/Blackberry_pie_0081.jpg:0.4941; Blackberry_pie/Blackberry_pie_0092.jpg:0.4766
Blancmange/Blancmange_0092.jpg,Blancmange,"soft, flexible blancmanges cut into cubes embellished with two goji berries in a bowl.",Blancmange/Blancmange_0092.jpg,Blancmange,"soft, flexible blancmanges cut into cubes embellished with two goji berries in a bowl.",1,1,Blancmange/Blancmange_0090.jpg,0,1,0.965732,1,0.615088,14.126131,0.615088,0.151424,1.569301,0.000149,1.720881,Blancmange/Blancmange_0092.jpg:0.6151; Blancmange/Blancmange_0090.jpg:0.4073; Jiuniang/Jiuniang_0099.jpg:0.3007; Wotou/Wotou_0108.jpg:0.2553; Doufunao/Doufunao_0084.jpg:0.2095
Blueberry_pie/Blueberry_pie_0088.jpg,Blueberry_pie,"There is an irregular piece of blueberry pie wrapped in blueberry jam, some of which spilled over the ovenware.",Blueberry_pie/Blueberry_pie_0088.jpg,Blueberry_pie,"There is an irregular piece of blueberry pie wrapped in blueberry jam, some of which spilled over the ovenware.",1,1,Blueberry_pie/Blueberry_pie_0088.jpg,1,1,1.060400,1,0.720172,10.091786,0.720172,0.170777,1.690992,0.000151,1.861926,Blueberry_pie/Blueberry_pie_0088.jpg:0.7202; Blueberry_pie/Blueberry_pie_0094.jpg:0.5390; Blackberry_pie/Blackberry_pie_0086.jpg:0.5273; Blueberry_pie/Blueberry_pie_0083.jpg:0.4017; Butter_pie/Butter_pie_0099.jpg:0.2942
Boiled_peanuts/Boiled_peanuts_0097.jpg,Boiled_peanuts,a boiled peanut peeled off its skin showing the inside plump peanut kernels.,Boiled_peanuts/Boiled_peanuts_0085.jpg,Boiled_peanuts,There are some peeled peanuts and peanut shells next to a bowl of boiled peanuts.,0,1,Boiled_peanuts/Boiled_peanuts_0087.jpg,0,1,1.954229,1,0.379378,13.374695,0.379378,0.142219,0.392017,0.000153,0.534395,Boiled_peanuts/Boiled_peanuts_0085.jpg:0.3794; Deep-fried_peanuts/Deep-fried_peanuts_0090.jpg:0.3648; Boiled_peanuts/Boiled_peanuts_0087.jpg:0.3558; Boiled_peanuts/Boiled_peanuts_0097.jpg:0.3174; Boiled_peanuts/Boiled_peanuts_0092.jpg:0.3141
Bon_bon_chicken/Bon_bon_chicken_0095.jpg,Bon_bon_chicken,bon bon chicken shredded into pieces mixed with bright red chilli oil and white sesame.,Bon_bon_chicken/Bon_bon_chicken_0094.jpg,Bon_bon_chicken,bon bon chicken with smooth skin stacked as a hill sprinkled with sesame in a bowl full of spicy oil.,0,1,Fuqi_feipian/Fuqi_feipian_0237.jpg,0,0,0.634813,1,0.579400,18.756702,0.579400,0.175192,1.599716,0.000196,1.775110,Bon_bon_chicken/Bon_bon_chicken_0094.jpg:0.5794; Bon_bon_chicken/Bon_bon_chicken_0083.jpg:0.4941; Fuqi_feipian/Fuqi_feipian_0237.jpg:0.3905; Fuqi_feipian/Fuqi_feipian_0247.jpg:0.3775; Fuqi_feipian/Fuqi_feipian_0238.jpg:0.3398
Borscht/Borscht_0084.jpg,Borscht,"Borscht had lots of beets and a thick slab of cream on top, with two slices of bread on a nearby plate.",Borscht/Borscht_0084.jpg,Borscht,"Borscht had lots of beets and a thick slab of cream on top, with two slices of bread on a nearby plate.",1,1,Borscht/Borscht_0084.jpg,1,1,2.135202,1,0.675765,21.079561,0.675765,0.163344,1.594020,0.000154,1.757523,Borscht/Borscht_0084.jpg:0.6758; Borscht/Borscht_0095.jpg:0.6132; Borscht/Borscht_0081.jpg:0.5448; Borscht/Borscht_0090.jpg:0.5293; Borscht/Borscht_0083.jpg:0.4552
Botan-ebi/Botan-ebi_0096.jpg,Botan-ebi,Botan ebi sashimi peeled up the shells placed on a Japanese-style tray and other Botan ebi sashimi in a bistre bowl.,Botan-ebi/Botan-ebi_0096.jpg,Botan-ebi,Botan ebi sashimi peeled up the shells placed on a Japanese-style tray and other Botan ebi sashimi in a bistre bowl.,1,1,Botan-ebi/Botan-ebi_0096.jpg,1,1,0.726675,1,0.488283,20.184883,0.488283,0.191737,0.411987,0.000148,0.603877,Botan-ebi/Botan-ebi_0096.jpg:0.4883; Botan-ebi/Botan-ebi_0098.jpg:0.4073; Botan-ebi/Botan-ebi_0081.jpg:0.3666; Botan-ebi/Botan-ebi_0102.jpg:0.3558; Botan-ebi/Botan-ebi_0088.jpg:0.3558
Botifarra/Botifarra_0068.jpg,Botifarra,a brown botifarra with charred skin with white beans and parsley,Botifarra/Botifarra_0068.jpg,Botifarra,a brown botifarra with charred skin with white beans and parsley,1,1,Botifarra/Botifarra_0063.jpg,0,1,0.134920,1,0.674050,18.046799,0.674050,0.157562,0.709943,0.000138,0.867649,Botifarra/Botifarra_0068.jpg:0.6741; Botifarra/Botifarra_0067.jpg:0.6298; Cassoulet/Cassoulet_0093.jpg:0.5564; Botifarra/Botifarra_0063.jpg:0.4244; Botifarra/Botifarra_0071.jpg:0.2942
Bouillabaisse/Bouillabaisse_0087.jpg,Bouillabaisse,"A lot of prawns, fish, mussels, and some tomatoes are cooked in a pot, this is called bouillabaisse.",Bouillabaisse/Bouillabaisse_0087.jpg,Bouillabaisse,"A lot of prawns, fish, mussels, and some tomatoes are cooked in a pot, this is called bouillabaisse.",1,1,Bouillabaisse/Bouillabaisse_0089.jpg,0,1,0.042680,1,0.579400,13.968027,0.579400,0.148590,0.894327,0.000146,1.043069,Bouillabaisse/Bouillabaisse_0087.jpg:0.5794; Bouillabaisse/Bouillabaisse_0085.jpg:0.5098; Bouillabaisse/Bouillabaisse_0089.jpg:0.4941; Bouillabaisse/Bouillabaisse_0081.jpg:0.4785; Bouillabaisse/Bouillabaisse_0083.jpg:0.4244
Bourbon_chicken/Bourbon_chicken_0084.jpg,Bourbon_chicken,Diced bourbon chicken topped with white sesame seeds and scallions is served on a bowl of white rice.,Sesame_chicken/Sesame_chicken_0100.jpg,Sesame_chicken,"Brown sesame chicken prepared using soy sauce and skinless chicken thighs, served with white rice",0,0,Bourbon_chicken/Bourbon_chicken_0087.jpg,0,1,0.261124,1,0.486332,15.058046,0.486332,0.161897,1.614816,0.000152,1.776871,Sesame_chicken/Sesame_chicken_0100.jpg:0.4863; Bourbon_chicken/Bourbon_chicken_0092.jpg:0.4805; Bourbon_chicken/Bourbon_chicken_0084.jpg:0.4688; Bourbon_chicken/Bourbon_chicken_0086.jpg:0.3576; Bourbon_chicken/Bourbon_chicken_0087.jpg:0.3040
Broccoli_slaw/Broccoli_slaw_0085.jpg,Broccoli_slaw,The broccoli slaw comes on a round white plate with lots of shredded broccoli and minced meat.,Broccoli_slaw/Broccoli_slaw_0108.jpg,Broccoli_slaw,"broccoli slaw consisted of chopped broccoli, carrot strips, almonds, bacon, raisins in a plate",0,1,Broccoli_slaw/Broccoli_slaw_0108.jpg,0,0,1.605696,1,0.577495,14.092005,0.577495,0.173333,1.689180,0.000154,1.862673,Broccoli_slaw/Broccoli_slaw_0108.jpg:0.5775; Broccoli_slaw/Broccoli_slaw_0083.jpg:0.5176; Broccoli_slaw/Broccoli_slaw_0092.jpg:0.4707; Broccoli_slaw/Broccoli_slaw_0091.jpg:0.4321; Broccoli_slaw/Broccoli_slaw_0090.jpg:0.2830
Bubur_ayam/Bubur_ayam_0095.jpg,Bubur_ayam,shredded chicken with baked surface mixed with green onions in a bowl of bubur ayam.,Bubur_ayam/Bubur_ayam_0095.jpg,Bubur_ayam,shredded chicken with baked surface mixed with green onions in a bowl of bubur ayam.,1,1,Bubur_ayam/Bubur_ayam_0095.jpg,1,1,1.236658,1,0.647798,19.131426,0.647798,0.145756,0.690332,0.000142,0.836236,Bubur_ayam/Bubur_ayam_0095.jpg:0.6478; Bubur_ayam/Bubur_ayam_0089.jpg:0.5964; Bubur_ayam/Bubur_ayam_0086.jpg:0.5312; Bubur_ayam/Bubur_ayam_0087.jpg:0.5098; Bubur_ayam/Bubur_ayam_0090.jpg:0.4883
Bubur_kacang_hijau/Bubur_kacang_hijau_0092.jpg,Bubur_kacang_hijau,a spoon loaded a scoopful of bubur kacang hijau consisting of mushy mung beans.,Lentil_soup/Lentil_soup_0103.jpg,Lentil_soup,a bowl of lentil soup in a golden-brown color that is full of muddy ingredients,0,0,Pea_soup/Pea_soup_0089.jpg,0,0,1.388130,1,0.537041,12.421215,0.537041,0.151598,1.545130,0.000144,1.696878,Lentil_soup/Lentil_soup_0103.jpg:0.5370; Pea_soup/Pea_soup_0089.jpg:0.4630; Corn_stew/Corn_stew_0083.jpg:0.4340; Lentil_soup/Lentil_soup_0091.jpg:0.4036; Bisque_food/Bisque_food_0099.jpg:0.2894
Bun_bo_hue/Bun_bo_hue_0085.jpg,Bun_bo_hue,"Slices of beef, meatballs and a bit of scallion are soaked in a clear broth of rice noodles, called bun bo hue.",Bun_bo_hue/Bun_bo_hue_0085.jpg,Bun_bo_hue,"Slices of beef, meatballs and a bit of scallion are soaked in a clear broth of rice noodles, called bun bo hue.",1,1,Bun_bo_hue/Bun_bo_hue_0085.jpg,1,1,1.045881,1,0.602062,18.328083,0.602062,0.150216,1.071794,0.000145,1.222160,Bun_bo_hue/Bun_bo_hue_0085.jpg:0.6021; Pho/Pho_0081.jpg:0.4766; Bun_bo_hue/Bun_bo_hue_0089.jpg:0.3961; Bánh_canh/Bánh_canh_0093.jpg:0.3024; Bun_bo_hue/Bun_bo_hue_0092.jpg:0.2862
Butadon/Butadon_0085.jpg,Butadon,"Japanese dish butadon is a bowl of freshly steamed rice topped with sliced fatty pork, onions, chopped shallot and a little sesame",Katsudon/Katsudon_0097.jpg,Katsudon,"A bowl with a blue pattern full of Katsudon made with rice in combination with deep-fried pork slices, onions, eggs dressed with chopped green onion",0,0,Butadon/Butadon_0100.jpg,0,0,0.922793,1,0.500000,6.114994,0.500000,0.147589,0.754797,0.000144,0.902535,Katsudon/Katsudon_0097.jpg:0.5000; Butadon/Butadon_0100.jpg:0.4766; Katsudon/Katsudon_0095.jpg:0.3277; Butadon/Butadon_0097.jpg:0.2814; Bibimbap/Bibimbap_0083.jpg:0.2598
Butter_pie/Butter_pie_0082.jpg,Butter_pie,A large round soft chocolate butter pie with nuts edge and a few maple leaf-shaped biscuits on top,Butter_pie/Butter_pie_0082.jpg,Butter_pie,A large round soft chocolate butter pie with nuts edge and a few maple leaf-shaped biscuits on top,1,1,Pumpkin_pie/Pumpkin_pie_0100.jpg,0,1,0.732427,1,0.586996,12.196291,0.586996,0.180152,1.719841,0.000146,1.900145,Butter_pie/Butter_pie_0082.jpg:0.5870; Sweet_potato_pie/Sweet_potato_pie_0090.jpg:0.5699; Pumpkin_pie/Pumpkin_pie_0100.jpg:0.4824; Pumpkin_pie/Pumpkin_pie_0089.jpg:0.4263; Sweet_potato_pie/Sweet_potato_pie_0086.jpg:0.2846
Buttercream/Buttercream_0088.jpg,Buttercream,A small chocolate cupcake topped with tender buttercream and a sprinkle of mashed pistachio,Buttercream/Buttercream_0088.jpg,Buttercream,A small chocolate cupcake topped with tender buttercream and a sprinkle of mashed pistachio,1,1,Buttercream/Buttercream_0088.jpg,1,1,2.297812,1,0.537041,13.554208,0.537041,0.171698,1.694399,0.000138,1.866241,Buttercream/Buttercream_0088.jpg:0.5370; Carrot_cake/Carrot_cake_0093.jpg:0.4805; Butter_cake/Butter_cake_0088.jpg:0.4378; Carrot_cake_cookie/Carrot_cake_cookie_0085.jpg:0.4244; Carrot_cake/Carrot_cake_0081.jpg:0.4168
Buttery_bread/Buttery_bread_0083.jpg,Buttery_bread,A plate of baked buttery bread rolls sprinkled with icing,Buttery_bread/Buttery_bread_0083.jpg,Buttery_bread,A plate of baked buttery bread rolls sprinkled with icing,1,1,Buttery_bread/Buttery_bread_0083.jpg,1,1,0.484320,1,0.569853,12.108570,0.569853,0.148229,1.034808,0.000153,1.183194,Buttery_bread/Buttery_bread_0083.jpg:0.5699; Bread_roll/Bread_roll_0091.jpg:0.3416; Buttery_bread/Buttery_bread_0095.jpg:0.3416; Buttery_bread/Buttery_bread_0081.jpg:0.3277; Bread_roll/Bread_roll_0086.jpg:0.2814
Bún_riêu/Bún_riêu_0097.jpg,Bún_riêu,On the table is Bún riêu garnished with sliced scallions in a bowl accompanying a plate of herbs and bean sprouts,Bún_riêu/Bún_riêu_0084.jpg,Bún_riêu,"A white bowl of Bún riêu includes vermicelli noodles, fish cakes, tomatoes, crab paste garnished with chopped shallot and coriander, a plate of green vegetables including bean sprouts, basil leaves and papaya strips on the side",0,1,Bún_riêu/Bún_riêu_0082.jpg,0,1,0.244455,1,0.500000,18.819023,0.500000,0.167101,1.583123,0.000148,1.750377,Bún_riêu/Bún_riêu_0084.jpg:0.5000; Bún_riêu/Bún_riêu_0095.jpg:0.4533; Bún_riêu/Bún_riêu_0081.jpg:0.4397; Bún_riêu/Bún_riêu_0097.jpg:0.4282; Bún_riêu/Bún_riêu_0082.jpg:0.3174
Cabbage_soup/Cabbage_soup_0093.jpg,Cabbage_soup,A blue pot of cabbage soup mixed with diced red carrots,Cabbage_soup/Cabbage_soup_0093.jpg,Cabbage_soup,A blue pot of cabbage soup mixed with diced red carrots,1,1,Cabbage_soup/Cabbage_soup_0093.jpg,1,1,0.182962,1,0.615088,13.467267,0.615088,0.142720,0.407366,0.000151,0.550241,Cabbage_soup/Cabbage_soup_0093.jpg:0.6151; Chicken_soup/Chicken_soup_0087.jpg:0.4282; Cabbage_soup/Cabbage_soup_0087.jpg:0.4225; Chicken_soup/Chicken_soup_0094.jpg:0.4036; Pea_soup/Pea_soup_0089.jpg:0.3141
Caesar_salad/Caesar_salad_0089.jpg,Caesar_salad,"Caesar salad includes Romaine lettuce, croutons, lemon slices and two strips of grilled chicken",Caesar_salad/Caesar_salad_0089.jpg,Caesar_salad,"Caesar salad includes Romaine lettuce, croutons, lemon slices and two strips of grilled chicken",1,1,Caesar_salad/Caesar_salad_0089.jpg,1,1,2.916974,1,0.627951,14.839175,0.627951,0.150029,0.392930,0.000154,0.543118,Caesar_salad/Caesar_salad_0089.jpg:0.6280; Caesar_salad/Caesar_salad_0090.jpg:0.5195; Caesar_salad/Caesar_salad_0093.jpg:0.4017; Caesar_salad/Caesar_salad_0092.jpg:0.3923; Gravlax/Gravlax_0099.jpg:0.2862
Calamari/Calamari_0093.jpg,Calamari,A pile of deep-fried calamari rings with a dish of ketchup and some potato chips on a white plate,Calamari/Calamari_0093.jpg,Calamari,A pile of deep-fried calamari rings with a dish of ketchup and some potato chips on a white plate,1,1,Calamari/Calamari_0093.jpg,1,1,1.196505,1,0.689306,16.699810,0.689306,0.151881,1.080032,0.000136,1.232054,Calamari/Calamari_0093.jpg:0.6893; Calamari/Calamari_0084.jpg:0.5813; Calamari/Calamari_0096.jpg:0.5467; Calamari/Calamari_0100.jpg:0.4883; Calamari/Calamari_0092.jpg:0.3942
Caldo_verde/Caldo_verde_0094.jpg,Caldo_verde,A white bowl of caldo verde with sliced collard greens on the surface along with a piece of bread aside,Caldo_verde/Caldo_verde_0094.jpg,Caldo_verde,A white bowl of caldo verde with sliced collard greens on the surface along with a piece of bread aside,1,1,Caldo_verde/Caldo_verde_0094.jpg,1,1,0.240734,1,0.665411,14.993477,0.665411,0.146243,0.412304,0.000145,0.558697,Caldo_verde/Caldo_verde_0094.jpg:0.6654; Lettuce_soup/Lettuce_soup_0101.jpg:0.5448; Caldo_verde/Caldo_verde_0081.jpg:0.4301; Caldo_verde/Caldo_verde_0097.jpg:0.3886; Spinach_soup/Spinach_soup_0083.jpg:0.3684
Caprese_salad/Caprese_salad_0093.jpg,Caprese_salad,Tomato slices and mozzarella slices stacked up one by one with basil leaves surrounded on a plate made the Caprese salad,Caprese_salad/Caprese_salad_0081.jpg,Caprese_salad,On the white plate is Caprese salad in the form of one thickly sliced tomato with mozzarella and basil piled together,0,1,Caprese_salad/Caprese_salad_0081.jpg,0,1,1.096560,1,0.697609,16.844543,0.697609,0.160109,1.627264,0.000149,1.787528,Caprese_salad/Caprese_salad_0081.jpg:0.6976; Caprese_salad/Caprese_salad_0093.jpg:0.6859; Caprese_salad/Caprese_salad_0094.jpg:0.4863; Caprese_salad/Caprese_salad_0087.jpg:0.4727; Italian_tomato_pie/Italian_tomato_pie_0081.jpg:0.3311
Carpaccio/Carpaccio_0301.jpg,Carpaccio,"A square plate of Carpaccio consists of thin slices of raw red meat topped with white cheese slices, olive oil and arugula",Carpaccio/Carpaccio_0695.jpg,Carpaccio,"Topped with some arugula leaves, a carpaccio dish with fresh red beef slices and white cheese pieces on a white plate.",0,1,Carpaccio/Carpaccio_0301.jpg,1,1,1.960030,1,0.710628,13.774318,0.710628,0.142457,0.462734,0.000147,0.605343,Carpaccio/Carpaccio_0695.jpg:0.7106; Carpaccio/Carpaccio_0301.jpg:0.6637; Carpaccio/Carpaccio_0269.jpg:0.6316; Carpaccio/Carpaccio_0693.jpg:0.5098; Vitello_tonnato/Vitello_tonnato_0097.jpg:0.4111
Carrot_cake_cookie/Carrot_cake_cookie_0091.jpg,Carrot_cake_cookie,Several cookies in the bowl within two pieces of carrot cake filled with whipped cream in the middle by each,Carrot_cake_cookie/Carrot_cake_cookie_0091.jpg,Carrot_cake_cookie,Several cookies in the bowl within two pieces of carrot cake filled with whipped cream in the middle by each,1,1,Carrot_cake_cookie/Carrot_cake_cookie_0091.jpg,1,1,2.258709,1,0.680879,17.635027,0.680879,0.162727,1.644381,0.000149,1.807263,Carrot_cake_cookie/Carrot_cake_cookie_0091.jpg:0.6809; Carrot_cake_cookie/Carrot_cake_cookie_0090.jpg:0.6671; Carrot_cake_cookie/Carrot_cake_cookie_0092.jpg:0.5794; Carrot_cake_cookie/Carrot_cake_cookie_0081.jpg:0.4073; Carrot_cake_cookie/Carrot_cake_cookie_0085.jpg:0.3868
Carrot_chips/Carrot_chips_0097.jpg,Carrot_chips,A glass of freshly made carrot chips plated on the table with a dish of salad dressing,Carrot_chips/Carrot_chips_0097.jpg,Carrot_chips,A glass of freshly made carrot chips plated on the table with a dish of salad dressing,1,1,Carrot_chips/Carrot_chips_0097.jpg,1,1,3.173946,0,0.000000,15.793406,15.793406,0.157668,0.000048,0.000075,0.157795,Carrot_chips/Carrot_chips_0097.jpg:15.7934; Carrot_chips/Carrot_chips_0081.jpg:12.6195; Carrot_chips/Carrot_chips_0093.jpg:11.1139; Carrot_chips/Carrot_chips_0091.jpg:11.0033; Raita/Raita_0095.jpg:9.6006
Ceviche/Ceviche_0082.jpg,Ceviche,"White fish with shrimp, squid, onion, pepper, lemon to make a plate of Ceviche.",Ceviche/Ceviche_0085.jpg,Ceviche,"Ceviche consisting of fish meat, shrimp, squid segments, onion, pepper segments, lemon on a plate white.",0,1,Ceviche/Ceviche_0085.jpg,0,0,1.617727,1,0.575588,15.956247,0.575588,0.157137,1.606275,0.000149,1.763566,Ceviche/Ceviche_0085.jpg:0.5756; Bean_salad/Bean_salad_0099.jpg:0.3812; Cebolada/Cebolada_0093.jpg:0.3074; Crudo/Crudo_0096.jpg:0.2751; Di_san_xian/Di_san_xian_0098.jpg:0.2451
Chakli/Chakli_0081.jpg,Chakli,Several golden chakli made into swirls in a metal basin.,Chakli/Chakli_0081.jpg,Chakli,Several golden chakli made into swirls in a metal basin.,1,1,Chakli/Chakli_0095.jpg,0,1,1.229244,1,0.461017,14.774323,0.461017,0.156282,0.545559,0.000137,0.701983,Chakli/Chakli_0081.jpg:0.4610; Chakli/Chakli_0095.jpg:0.4282; Chakli/Chakli_0084.jpg:0.4017; Chakli/Chakli_0097.jpg:0.3398; Chakli/Chakli_0100.jpg:0.2644
Champurrado/Champurrado_0083.jpg,Champurrado,Dark brown champurrado in a white tea cup with a plate of toast next to it.,Champurrado/Champurrado_0083.jpg,Champurrado,Dark brown champurrado in a white tea cup with a plate of toast next to it.,1,1,Champurrado/Champurrado_0083.jpg,1,1,0.668430,1,0.717012,16.337069,0.717012,0.144077,0.427907,0.000128,0.572116,Champurrado/Champurrado_0083.jpg:0.7170; Champurrado/Champurrado_0091.jpg:0.6843; Champurrado/Champurrado_0087.jpg:0.6478; Champurrado/Champurrado_0082.jpg:0.6132; Champurrado/Champurrado_0096.jpg:0.4475
Charqui/Charqui_0097.jpg,Charqui,"A white plate with a blue pattern contains a lot of chunky Charqui, with some shredded potatoes and chili sauce on the side.",Hongshao_rou/Hongshao_rou_0094.jpg,Hongshao_rou,"Hongshao rou is boiled and doused in a mixture of rice wine, sugar, light and dark soy sauce, shallot and star anise",0,0,Rou_jia_mo/Rou_jia_mo_0096.jpg,0,0,2.988502,1,0.341582,13.279906,0.341582,0.152641,1.518400,0.000142,1.671188,Hongshao_rou/Hongshao_rou_0094.jpg:0.3416; Rou_jia_mo/Rou_jia_mo_0096.jpg:0.3040; Shuizhu/Shuizhu_0097.jpg:0.2894; Di_san_xian/Di_san_xian_0098.jpg:0.2878; Shuizhu/Shuizhu_0099.jpg:0.2862
Chazuke/Chazuke_0090.jpg,Chazuke,"A Chazuke with lots of gravy, salmon and parsley leaves on the surface, bacon and yellow radishes on a small plate on the side.",Sliced_fish_soup/Sliced_fish_soup_0081.jpg,Sliced_fish_soup,"A bowl of sliced fish soup with several white fish slices, spinach and light yellow soup.",0,0,Sliced_fish_soup/Sliced_fish_soup_0081.jpg,0,0,0.977494,1,0.573678,13.724216,0.573678,0.142027,0.417990,0.000146,0.560168,Sliced_fish_soup/Sliced_fish_soup_0081.jpg:0.5737; Chazuke/Chazuke_0100.jpg:0.4727; Sliced_fish_soup/Sliced_fish_soup_0094.jpg:0.4707; Anago/Anago_0094.jpg:0.4036; Fish_soup/Fish_soup_0090.jpg:0.3923
Cheese_and_tomato_sandwich/Cheese_and_tomato_sandwich_0098.jpg,Cheese_and_tomato_sandwich,"A sandwich with cheese, tomato, lettuce leaves, fried eggs, and salad dressing is fixed by bamboo sticks.",Club_sandwich/Club_sandwich_0097.jpg,Club_sandwich,"A chunky club sandwich with sliced tomatoes, fried egg, sliced chicken breast, and lettuce leaves in between.",0,0,Club_sandwich/Club_sandwich_0097.jpg,0,1,1.604500,1,0.542863,17.234003,0.542863,0.151728,1.539390,0.000146,1.691270,Club_sandwich/Club_sandwich_0097.jpg:0.5429; Cheese_and_tomato_sandwich/Cheese_and_tomato_sandwich_0098.jpg:0.5195; Denver_sandwich/Denver_sandwich_0148.jpg:0.3794; Ham_sandwich/Ham_sandwich_0093.jpg:0.3576; Ham_sandwich/Ham_sandwich_0096.jpg:0.3363
Cheese_bun/Cheese_bun_0082.jpg,Cheese_bun,A triangular cheese bun with a light brown exterior and covered with cheese on the side.,Banana_bread/Banana_bread_0083.jpg,Banana_bread,a slice of soft banana bread with a brown crust covered by white cream,0,0,Banana_bread/Banana_bread_0083.jpg,0,0,0.327015,1,0.498047,12.661357,0.498047,0.149098,1.205785,0.000151,1.355039,Banana_bread/Banana_bread_0083.jpg:0.4980; Butter_cake/Butter_cake_0095.jpg:0.4766; Bread_roll/Bread_roll_0082.jpg:0.4397; Cream_pie/Cream_pie_0093.jpg:0.3961; Cheese_roll/Cheese_roll_0095.jpg:0.3886
Cheese_maki/Cheese_maki_0096.jpg,Cheese_maki,"The rice is wrapped in seaweed and the filling is maki with avocado, raw fish, and crab roe in cheese sauce.",Cheese_maki/Cheese_maki_0096.jpg,Cheese_maki,"The rice is wrapped in seaweed and the filling is maki with avocado, raw fish, and crab roe in cheese sauce.",1,1,Cheese_maki/Cheese_maki_0096.jpg,1,1,0.312691,1,0.492188,12.429873,0.492188,0.147921,1.089330,0.000151,1.237408,Cheese_maki/Cheese_maki_0096.jpg:0.4922; Tobiko/Tobiko_0094.jpg:0.4805; Botan-ebi/Botan-ebi_0081.jpg:0.2846; Tobiko/Tobiko_0093.jpg:0.2451; Tobiko/Tobiko_0097.jpg:0.2173
Cheese_roll/Cheese_roll_0091.jpg,Cheese_roll,On the blue wooden table was a cheese roll doused with condensed milk and sprinkled with bits of white chocolate.,Cheese_roll/Cheese_roll_0091.jpg,Cheese_roll,On the blue wooden table was a cheese roll doused with condensed milk and sprinkled with bits of white chocolate.,1,1,Cheese_roll/Cheese_roll_0091.jpg,1,1,4.765353,0,0.000000,13.999322,13.999322,0.157250,0.000022,0.000065,0.157340,Cheese_roll/Cheese_roll_0091.jpg:13.9993; Coconut_cream/Coconut_cream_0095.jpg:9.2340; Buttery_bread/Buttery_bread_0088.jpg:8.3979; Coconut_cake/Coconut_cake_0078.jpg:8.3852; Apple_strudel/Apple_strudel_0093.jpg:7.1851
Cheesecake/Cheesecake_0092.jpg,Cheesecake,Black and white Cheesecake with thick cream and white chocolate crumbs.,Cheese_roll/Cheese_roll_0066.jpg,Cheese_roll,"Some dark-red-colored filled cream-colored cheesecakes on the roll were placed on a white plate, and some white powdered sugar was sprinkled on the cake roll",0,0,Mousse/Mousse_0100.jpg,0,0,1.399691,1,0.338077,9.233106,0.338077,0.153582,1.580278,0.000139,1.734004,Cheese_roll/Cheese_roll_0066.jpg:0.3381; Cream_pie/Cream_pie_0093.jpg:0.3242; Christmas_cake/Christmas_cake_0081.jpg:0.2878; Mousse/Mousse_0100.jpg:0.2323; Coconut_cake/Coconut_cake_0084.jpg:0.2147
Cherry_ice_cream/Cherry_ice_cream_0084.jpg,Cherry_ice_cream,Three ice cream balls with cherries in a white lace bowl with another cherry in the bowl.,Cherry_ice_cream/Cherry_ice_cream_0084.jpg,Cherry_ice_cream,Three ice cream balls with cherries in a white lace bowl with another cherry in the bowl.,1,1,Cherry_ice_cream/Cherry_ice_cream_0084.jpg,1,1,1.313558,1,0.713831,15.432268,0.713831,0.166391,1.653383,0.000113,1.819893,Cherry_ice_cream/Cherry_ice_cream_0084.jpg:0.7138; Cherry_ice_cream/Cherry_ice_cream_0085.jpg:0.6114; Cherry_ice_cream/Cherry_ice_cream_0092.jpg:0.6021; Cherry_ice_cream/Cherry_ice_cream_0094.jpg:0.5737; Cherry_ice_cream/Cherry_ice_cream_0082.jpg:0.5234
Cherry_pie/Cherry_pie_0088.jpg,Cherry_pie,Cherry pie with cherry jam on top of star-shaped cookies.,Cherry_pie/Cherry_pie_0088.jpg,Cherry_pie,Cherry pie with cherry jam on top of star-shaped cookies.,1,1,Cherry_pie/Cherry_pie_0088.jpg,1,1,4.058623,0,0.000000,19.673544,19.673544,0.158685,0.000025,0.000071,0.158784,Cherry_pie/Cherry_pie_0088.jpg:19.6735; Cherry_pie/Cherry_pie_0097.jpg:15.6149; Cherry_pie/Cherry_pie_0087.jpg:11.3511; Cherry_pie/Cherry_pie_0095.jpg:11.1102; Blueberry_pie/Blueberry_pie_0095.jpg:10.3318
Chicken_Kiev/Chicken_Kiev_0089.jpg,Chicken_Kiev,"a plate of chick Kiev with a thin brown skin served with arugula, accompanied with olive oil",Chicken_Kiev/Chicken_Kiev_0089.jpg,Chicken_Kiev,"a plate of chick Kiev with a thin brown skin served with arugula, accompanied with olive oil",1,1,Chicken_Kiev/Chicken_Kiev_0089.jpg,1,1,1.647614,1,0.633410,17.469254,0.633410,0.139449,0.561867,0.000152,0.701473,Chicken_Kiev/Chicken_Kiev_0089.jpg:0.6334; Chicken_Kiev/Chicken_Kiev_0086.jpg:0.4130; Chicken_Kiev/Chicken_Kiev_0084.jpg:0.3979; Chicken_Kiev/Chicken_Kiev_0088.jpg:0.3074; Fried_cheese/Fried_cheese_0084.jpg:0.2018
Chicken_and_waffles/Chicken_and_waffles_0081.jpg,Chicken_and_waffles,a wonderful serving of chicken and waffles consisted of a piece of chicken grilled with crunchy pastry and covered with thick sauce and spring onions on top of a large waffle,Chicken_and_waffles/Chicken_and_waffles_0081.jpg,Chicken_and_waffles,a wonderful serving of chicken and waffles consisted of a piece of chicken grilled with crunchy pastry and covered with thick sauce and spring onions on top of a large waffle,1,1,Chicken_and_waffles/Chicken_and_waffles_0081.jpg,1,1,5.392551,0,0.000000,19.442850,19.442850,0.146763,0.000024,0.000069,0.146860,Chicken_and_waffles/Chicken_and_waffles_0081.jpg:19.4429; Chicken_and_waffles/Chicken_and_waffles_0091.jpg:14.0503; Chicken_and_waffles/Chicken_and_waffles_0089.jpg:13.1658; Chicken_and_waffles/Chicken_and_waffles_0087.jpg:11.9191; Chicken_and_waffles/Chicken_and_waffles_0097.jpg:11.1911
Chicken_cacciatore/Chicken_cacciatore_0090.jpg,Chicken_cacciatore,"a black ceramic ovenware of chicken cacciatore braised with crushed tomatoes, mushroom slices, and grilled chicken, seasoned with bay leaves and garnished with chopped chives",Chicken_cacciatore/Chicken_cacciatore_0090.jpg,Chicken_cacciatore,"a black ceramic ovenware of chicken cacciatore braised with crushed tomatoes, mushroom slices, and grilled chicken, seasoned with bay leaves and garnished with chopped chives",1,1,Chicken_cacciatore/Chicken_cacciatore_0090.jpg,1,1,0.550532,1,0.507812,14.498645,0.507812,0.149120,1.589482,0.000142,1.738749,Chicken_cacciatore/Chicken_cacciatore_0090.jpg:0.5078; Chicken_cacciatore/Chicken_cacciatore_0093.jpg:0.4941; Chicken_cacciatore/Chicken_cacciatore_0100.jpg:0.3720; Chicken_cacciatore/Chicken_cacciatore_0091.jpg:0.3451; Chicken_cacciatore/Chicken_cacciatore_0081.jpg:0.3398
Chicken_fingers/Chicken_fingers_0085.jpg,Chicken_fingers,small pieces of chicken fingers accompanied with barbecue sauce and boiled corn on the side,Chicken_fingers/Chicken_fingers_0085.jpg,Chicken_fingers,small pieces of chicken fingers accompanied with barbecue sauce and boiled corn on the side,1,1,Chicken_fingers/Chicken_fingers_0085.jpg,1,1,1.228106,1,0.642432,14.591989,0.642432,0.154856,1.584082,0.000145,1.739088,Chicken_fingers/Chicken_fingers_0085.jpg:0.6424; Chicken_fingers/Chicken_fingers_0084.jpg:0.4533; Chicken_fingers/Chicken_fingers_0097.jpg:0.3905; Chicken_fingers/Chicken_fingers_0091.jpg:0.3720; Poutine/Poutine_0081.jpg:0.1530
Chicken_marsala/Chicken_marsala_0081.jpg,Chicken_marsala,"a full pan of chicken marsala cooked with large chicken pieces, mushroom slices and cherry tomatoes with a sprinkling of parsley",Chicken_marsala/Chicken_marsala_0081.jpg,Chicken_marsala,"a full pan of chicken marsala cooked with large chicken pieces, mushroom slices and cherry tomatoes with a sprinkling of parsley",1,1,Chicken_marsala/Chicken_marsala_0081.jpg,1,1,7.428953,0,0.000000,20.344198,20.344198,0.176982,0.000027,0.000072,0.177085,Chicken_marsala/Chicken_marsala_0081.jpg:20.3442; Chicken_marsala/Chicken_marsala_0093.jpg:12.9152; Chicken_cacciatore/Chicken_cacciatore_0081.jpg:12.8948; Chicken_marsala/Chicken_marsala_0083.jpg:12.1820; Chicken_marsala/Chicken_marsala_0091.jpg:11.5385
Chicken_noodle_soup/Chicken_noodle_soup_0091.jpg,Chicken_noodle_soup,"a large bowl of soup noodles with plenty of diced chicken and carrots, and some shallots fragments on the top.",Chicken_noodle_soup/Chicken_noodle_soup_0091.jpg,Chicken_noodle_soup,"a large bowl of soup noodles with plenty of diced chicken and carrots, and some shallots fragments on the top.",1,1,Chicken_noodle_soup/Chicken_noodle_soup_0095.jpg,0,1,0.925705,1,0.667148,16.459110,0.667148,0.239332,2.440469,0.000145,2.679950,Chicken_noodle_soup/Chicken_noodle_soup_0091.jpg:0.6671; Chicken_noodle_soup/Chicken_noodle_soup_0095.jpg:0.6584; Chicken_noodle_soup/Chicken_noodle_soup_0090.jpg:0.5908; Chicken_noodle_soup/Chicken_noodle_soup_0087.jpg:0.5390; Chicken_soup/Chicken_soup_0088.jpg:0.4961
Chicken_nugget/Chicken_nugget_0091.jpg,Chicken_nugget,chicken nuggets with crispy coat served on a plate with a cup of brown sauce in the middle,Chicken_nugget/Chicken_nugget_0091.jpg,Chicken_nugget,chicken nuggets with crispy coat served on a plate with a cup of brown sauce in the middle,1,1,Chicken_nugget/Chicken_nugget_0091.jpg,1,1,4.274258,0,0.000000,15.657404,15.657404,0.148942,0.000028,0.000072,0.149046,Chicken_nugget/Chicken_nugget_0091.jpg:15.6574; Shrimp_ball/Shrimp_ball_0090.jpg:11.3831; Chicken_nugget/Chicken_nugget_0081.jpg:10.0866; Chicken_nugget/Chicken_nugget_0083.jpg:9.9822; Tonkatsu/Tonkatsu_0097.jpg:9.7482
Chicken_parmigiana/Chicken_parmigiana_0095.jpg,Chicken_parmigiana,"hamble chicken parmigiana consisted by a piece of fried chicken, some tomato sauce, and a bit of thin cheese melted",Chicken_parmigiana/Chicken_parmigiana_0094.jpg,Chicken_parmigiana,"a big bread loaf stuffed with chicken parmigiana, fried eggs, basil leaves, and tomato sauce",0,1,Chicken_parmigiana/Chicken_parmigiana_0094.jpg,0,0,1.379549,1,0.542863,13.899859,0.542863,0.228477,2.441561,0.000142,2.670186,Chicken_parmigiana/Chicken_parmigiana_0094.jpg:0.5429; Chicken_parmigiana/Chicken_parmigiana_0084.jpg:0.4436; Chicken_parmigiana/Chicken_parmigiana_0092.jpg:0.3812; Chicken_parmigiana/Chicken_parmigiana_0093.jpg:0.3576; Pork_tenderloin_sandwich/Pork_tenderloin_sandwich_0095.jpg:0.2043
Chicken_soup/Chicken_soup_0087.jpg,Chicken_soup,"a simple serve of chicken soup boiled with chicken, chopped carrots and green peas, seasoned with chopped coriander, coriander and black pepper",Chicken_soup/Chicken_soup_0087.jpg,Chicken_soup,"a simple serve of chicken soup boiled with chicken, chopped carrots and green peas, seasoned with chopped coriander, coriander and black pepper",1,1,Chicken_soup/Chicken_soup_0087.jpg,1,1,4.081925,0,0.000000,16.557199,16.557199,0.152403,0.000029,0.000110,0.152545,Chicken_soup/Chicken_soup_0087.jpg:16.5572; Chicken_soup/Chicken_soup_0094.jpg:12.4753; Chicken_soup/Chicken_soup_0091.jpg:12.2647; Pea_soup/Pea_soup_0089.jpg:11.8276; Chicken_noodle_soup/Chicken_noodle_soup_0083.jpg:10.9570
Chiles_en_nogada/Chiles_en_nogada_0097.jpg,Chiles_en_nogada,petal-shaped plate with a blue pattern contains a creamy chiles en nogada garnished with pomegranate seeds and coriander cuts,Chiles_en_nogada/Chiles_en_nogada_0097.jpg,Chiles_en_nogada,petal-shaped plate with a blue pattern contains a creamy chiles en nogada garnished with pomegranate seeds and coriander cuts,1,1,Chiles_en_nogada/Chiles_en_nogada_0096.jpg,0,1,1.391920,1,0.640636,20.837580,0.640636,0.158699,1.648268,0.000125,1.807096,Chiles_en_nogada/Chiles_en_nogada_0097.jpg:0.6406; Chiles_en_nogada/Chiles_en_nogada_0082.jpg:0.4321; Chiles_en_nogada/Chiles_en_nogada_0084.jpg:0.4244; Chiles_en_nogada/Chiles_en_nogada_0095.jpg:0.4225; Chiles_en_nogada/Chiles_en_nogada_0096.jpg:0.3739
Chili_con_carne/Chili_con_carne_0082.jpg,Chili_con_carne,"meat-based chili con carne stewed with chopped pork, kidney beans and chili peppers and served on rice",Chili_con_carne/Chili_con_carne_0082.jpg,Chili_con_carne,"meat-based chili con carne stewed with chopped pork, kidney beans and chili peppers and served on rice",1,1,Chili_con_carne/Chili_con_carne_0082.jpg,1,1,4.034735,0,0.000000,17.987309,17.987309,0.149784,0.000027,0.000073,0.149887,Chili_con_carne/Chili_con_carne_0082.jpg:17.9873; Chili_con_carne/Chili_con_carne_0092.jpg:13.9526; Red_beans_and_rice/Red_beans_and_rice_0081.jpg:12.3935; Chili_con_carne/Chili_con_carne_0093.jpg:12.1414; Red_beans_and_rice/Red_beans_and_rice_0097.jpg:11.7100
Chilli_crab/Chilli_crab_0087.jpg,Chilli_crab,a hot serve of big chilli crabs stir-fried with spring onions and chopped chillies,Crab_rangoon/Crab_rangoon_0105.jpg,Crab_rangoon,"A few crabs sprinkled with chopped scallions surrounded a small bowl of plum sauce, placed on a white round plate",0,0,Black_pepper_crab/Black_pepper_crab_0083.jpg,0,0,0.750694,1,0.523420,14.210365,0.523420,0.159682,1.626276,0.000147,1.786111,Crab_rangoon/Crab_rangoon_0105.jpg:0.5234; Chilli_crab/Chilli_crab_0085.jpg:0.4513; Black_pepper_crab/Black_pepper_crab_0083.jpg:0.3942; Black_pepper_crab/Black_pepper_crab_0095.jpg:0.3612; Fuqi_feipian/Fuqi_feipian_0247.jpg:0.3381
Chinese_chicken_salad/Chinese_chicken_salad_0103.jpg,Chinese_chicken_salad,"A plate of Chinese chicken salad with white macaroni, yellow chicken, white roasted almond slices, red pepper, purple onion pieces and green cabbage.",Pasta/Pasta_0081.jpg,Pasta,"A serving of pasta, that is made of some macaroni, some chopped tomatoes, and some fried chopped eggs.",0,0,Pasta/Pasta_0081.jpg,0,1,2.314666,1,0.501953,14.464906,0.501953,0.149460,0.581348,0.000158,0.730972,Pasta/Pasta_0081.jpg:0.5020; Chinese_chicken_salad/Chinese_chicken_salad_0103.jpg:0.4863; Pasta/Pasta_0085.jpg:0.4301; Pasta/Pasta_0090.jpg:0.3757; Pasta/Pasta_0082.jpg:0.2846
Chocolate_covered_strawberries/Chocolate_covered_strawberries_0092.jpg,Chocolate_covered_strawberries,four strawberries of which two were covered in black chocolate and the other two covered in white chocolate,Chocolate_covered_strawberries/Chocolate_covered_strawberries_0083.jpg,Chocolate_covered_strawberries,a plate of chocolate-covered strawberries with some grated nuts on the chocolate-coated surface,0,1,Chocolate_covered_strawberries/Chocolate_covered_strawberries_0092.jpg,1,1,0.947914,1,0.677474,13.478720,0.677474,0.150018,1.405272,0.000153,1.555448,Chocolate_covered_strawberries/Chocolate_covered_strawberries_0083.jpg:0.6775; Chocolate_covered_strawberries/Chocolate_covered_strawberries_0092.jpg:0.6460; Chocolate_covered_strawberries/Chocolate_covered_strawberries_0082.jpg:0.6316; Chocolate_covered_strawberries/Chocolate_covered_strawberries_0090.jpg:0.5622; Chocolate_covered_strawberries/Chocolate_covered_strawberries_0084.jpg:0.5583
Chow_mein/Chow_mein_0094.jpg,Chow_mein,"a colourful plate contains some chow mein made with fried noodles, shredded green pepper and onions",Chow_mein/Chow_mein_0094.jpg,Chow_mein,"a colourful plate contains some chow mein made with fried noodles, shredded green pepper and onions",1,1,Chow_mein/Chow_mein_0094.jpg,1,1,1.232458,1,0.598312,17.112839,0.598312,0.149152,0.850866,0.000150,1.000174,Chow_mein/Chow_mein_0094.jpg:0.5983; Fried_noodles/Fried_noodles_0099.jpg:0.5156; Shanghai_fried_noodles/Shanghai_fried_noodles_0095.jpg:0.5137; Shanghai_fried_noodles/Shanghai_fried_noodles_0099.jpg:0.4649; Chow_mein/Chow_mein_0093.jpg:0.3666
Ciambelle/Ciambelle_0100.jpg,Ciambelle,One golden ciambelle lying next to half a ciambelle with cream filling.,Ciambelle/Ciambelle_0100.jpg,Ciambelle,One golden ciambelle lying next to half a ciambelle with cream filling.,1,1,Ciambelle/Ciambelle_0100.jpg,1,1,9.341438,0,0.000000,19.202991,19.202991,0.151400,0.000028,0.000071,0.151503,Ciambelle/Ciambelle_0100.jpg:19.2030; Beignet/Beignet_0082.jpg:9.8616; Profiterole/Profiterole_0087.jpg:8.3203; Ciambelle/Ciambelle_0082.jpg:8.3169; Nuomici/Nuomici_0093.jpg:7.1595
Clam_chowder/Clam_chowder_0084.jpg,Clam_chowder,A small white bowl of thick clam chowder decorated with a piece of thyme and inserted with a spoon accompanying two cookies on a white plate,Clam_chowder/Clam_chowder_0084.jpg,Clam_chowder,A small white bowl of thick clam chowder decorated with a piece of thyme and inserted with a spoon accompanying two cookies on a white plate,1,1,Clam_chowder/Clam_chowder_0084.jpg,1,1,3.845737,0,0.000000,16.770397,16.770397,0.173202,0.000026,0.000068,0.173299,Clam_chowder/Clam_chowder_0084.jpg:16.7704; Clam_chowder/Clam_chowder_0091.jpg:12.9247; Chicken_soup/Chicken_soup_0091.jpg:12.4291; Cream_of_mushroom_soup/Cream_of_mushroom_soup_0085.jpg:12.0357; Clam_chowder/Clam_chowder_0096.jpg:11.9943
Cobbler_food/Cobbler_food_0085.jpg,Cobbler_food,A blue baking tray of fruit cobbler with a golden brown crispy cover,Cobbler_food/Cobbler_food_0085.jpg,Cobbler_food,A blue baking tray of fruit cobbler with a golden brown crispy cover,1,1,Cobbler_food/Cobbler_food_0085.jpg,1,1,2.146574,1,0.705785,9.593085,0.705785,0.146855,0.480270,0.000145,0.627274,Cobbler_food/Cobbler_food_0085.jpg:0.7058; Apple_cobbler/Apple_cobbler_0092.jpg:0.4883; Apple_cobbler/Apple_cobbler_0084.jpg:0.4668; Cobbler_food/Cobbler_food_0093.jpg:0.4054; Cobbler_food/Cobbler_food_0092.jpg:0.3794
Coconut_cake/Coconut_cake_0076.jpg,Coconut_cake,The white plate with pink flowers has a Coconut cake with three raspberries.,Coconut_cake/Coconut_cake_0076.jpg,Coconut_cake,The white plate with pink flowers has a Coconut cake with three raspberries.,1,1,Coconut_cake/Coconut_cake_0076.jpg,1,1,4.796249,0,0.000000,16.702457,16.702457,0.149578,0.000027,0.000073,0.149681,Coconut_cake/Coconut_cake_0076.jpg:16.7025; Coconut_cake/Coconut_cake_0078.jpg:11.9062; Coconut_cream/Coconut_cream_0082.jpg:10.7376; Coconut_cake/Coconut_cake_0074.jpg:10.0366; Coconut_cake/Coconut_cake_0084.jpg:9.7624
Coconut_cream/Coconut_cream_0084.jpg,Coconut_cream,A whole large round cake topped with a thin layer of white coconut cream on a round white plate accompanying some strawberries on the table,Coconut_cream/Coconut_cream_0084.jpg,Coconut_cream,A whole large round cake topped with a thin layer of white coconut cream on a round white plate accompanying some strawberries on the table,1,1,Coconut_cream/Coconut_cream_0084.jpg,1,1,4.112546,0,0.000000,15.840009,15.840009,0.153526,0.000028,0.000074,0.153631,Coconut_cream/Coconut_cream_0084.jpg:15.8400; Buttercream/Buttercream_0098.jpg:11.7275; Applesauce_cake/Applesauce_cake_0081.jpg:10.6573; Buttercream/Buttercream_0093.jpg:10.0913; Buttercream/Buttercream_0100.jpg:9.9447
Coconut_shrimp/Coconut_shrimp_0097.jpg,Coconut_shrimp,A plate of coconut shrimps dressed in coconut flakes with golden crunchy coats.,Coconut_shrimp/Coconut_shrimp_0097.jpg,Coconut_shrimp,A plate of coconut shrimps dressed in coconut flakes with golden crunchy coats.,1,1,Coconut_shrimp/Coconut_shrimp_0097.jpg,1,1,2.464429,1,0.680879,11.266509,0.680879,0.164483,1.754053,0.000173,1.918715,Coconut_shrimp/Coconut_shrimp_0097.jpg:0.6809; Coconut_shrimp/Coconut_shrimp_0081.jpg:0.5583; Coconut_shrimp/Coconut_shrimp_0089.jpg:0.4980; Shrimp_ball/Shrimp_ball_0100.jpg:0.4844; Shrimp_toast/Shrimp_toast_0099.jpg:0.3294
Coda_alla_vaccinara/Coda_alla_vaccinara_0082.jpg,Coda_alla_vaccinara,A round plate of coda alla vaccinara garnished with diced carrots on the table,Coda_alla_vaccinara/Coda_alla_vaccinara_0091.jpg,Coda_alla_vaccinara,"Braised coda alla vaccinara with red sauce, celery, and chopped oxtail garnished with two pieces of leaves on a plate.",0,1,Coda_alla_vaccinara/Coda_alla_vaccinara_0082.jpg,1,1,0.746262,1,0.480479,12.498901,0.480479,0.294153,2.609293,0.000150,2.903603,Coda_alla_vaccinara/Coda_alla_vaccinara_0091.jpg:0.4805; Coda_alla_vaccinara/Coda_alla_vaccinara_0082.jpg:0.4475; Boiled_beef/Boiled_beef_0081.jpg:0.4340; Coda_alla_vaccinara/Coda_alla_vaccinara_0093.jpg:0.3666; Coda_alla_vaccinara/Coda_alla_vaccinara_0085.jpg:0.3558
Colcannon/Colcannon_0085.jpg,Colcannon,A portion of thick colcannon including potato mash and shredded kale garnished with chopped scallions on a green flower-patterned plate,Colcannon/Colcannon_0085.jpg,Colcannon,A portion of thick colcannon including potato mash and shredded kale garnished with chopped scallions on a green flower-patterned plate,1,1,Colcannon/Colcannon_0085.jpg,1,1,6.448166,0,0.000000,20.547968,20.547968,0.152787,0.000030,0.000074,0.152895,Colcannon/Colcannon_0085.jpg:20.5480; Colcannon/Colcannon_0086.jpg:14.0998; Colcannon/Colcannon_0091.jpg:13.0469; Colcannon/Colcannon_0092.jpg:13.0005; Colcannon/Colcannon_0082.jpg:12.7141
Coleslaw/Coleslaw_0095.jpg,Coleslaw,"Coleslaw contains shredded cabbage, shredded purple cabbage, and shredded carrot in a transparent bowl.",Coleslaw/Coleslaw_0095.jpg,Coleslaw,"Coleslaw contains shredded cabbage, shredded purple cabbage, and shredded carrot in a transparent bowl.",1,1,Coleslaw/Coleslaw_0095.jpg,1,1,5.676679,0,0.000000,16.132244,16.132244,0.145315,0.000025,0.000071,0.145414,Coleslaw/Coleslaw_0095.jpg:16.1322; Coleslaw/Coleslaw_0097.jpg:10.4556; Coleslaw/Coleslaw_0099.jpg:10.1885; Coleslaw/Coleslaw_0082.jpg:9.9845; Coleslaw/Coleslaw_0093.jpg:9.7267
Congee/Congee_0091.jpg,Congee,Clear white congee sprinkled with chopped spring onion and oily pickles.,Congee/Congee_0091.jpg,Congee,Clear white congee sprinkled with chopped spring onion and oily pickles.,1,1,Congee/Congee_0096.jpg,0,1,1.013234,1,0.626124,11.903407,0.626124,0.144535,1.301232,0.000146,1.445918,Congee/Congee_0091.jpg:0.6261; Congee/Congee_0096.jpg:0.6077; Congee/Congee_0087.jpg:0.5832; Bubur_ayam/Bubur_ayam_0090.jpg:0.5622; Rice_and_peas/Rice_and_peas_0096.jpg:0.4863
Corn_soup/Corn_soup_0092.jpg,Corn_soup,A bowl of golden delicious corn soup with brown diced meat on it and a bowl of corn kernels on the side.,Corn_soup/Corn_soup_0092.jpg,Corn_soup,A bowl of golden delicious corn soup with brown diced meat on it and a bowl of corn kernels on the side.,1,1,Corn_soup/Corn_soup_0092.jpg,1,1,1.251977,1,0.712232,15.221192,0.712232,0.152482,1.039376,0.000151,1.192015,Corn_soup/Corn_soup_0092.jpg:0.7122; Corn_soup/Corn_soup_0089.jpg:0.5813; Corn_soup/Corn_soup_0094.jpg:0.5718; Corn_soup/Corn_soup_0085.jpg:0.4475; Corn_stew/Corn_stew_0091.jpg:0.3684
Corn_stew/Corn_stew_0096.jpg,Corn_stew,"A bowl of corn stew with corn kernels, peeled potato pieces sprinkled with chopped parsley.",Corn_stew/Corn_stew_0096.jpg,Corn_stew,"A bowl of corn stew with corn kernels, peeled potato pieces sprinkled with chopped parsley.",1,1,Corn_stew/Corn_stew_0096.jpg,1,1,4.103490,0,0.000000,15.706074,15.706074,0.183531,0.000027,0.000072,0.183633,Corn_stew/Corn_stew_0096.jpg:15.7061; Corn_stew/Corn_stew_0091.jpg:11.6026; Corn_stew/Corn_stew_0094.jpg:10.9332; Fish_chowder/Fish_chowder_0088.jpg:10.8142; Fish_chowder/Fish_chowder_0092.jpg:10.1070
Corn_tortilla/Corn_tortilla_0097.jpg,Corn_tortilla,cloth with red and white checks holding a stack of corn tortillas,Corn_tortilla/Corn_tortilla_0097.jpg,Corn_tortilla,cloth with red and white checks holding a stack of corn tortillas,1,1,Corn_tortilla/Corn_tortilla_0086.jpg,0,1,0.573787,1,0.649579,15.218306,0.649579,0.149287,1.493653,0.000155,1.643100,Corn_tortilla/Corn_tortilla_0097.jpg:0.6496; Corn_tortilla/Corn_tortilla_0082.jpg:0.5946; Corn_tortilla/Corn_tortilla_0086.jpg:0.4805; Corn_tortilla/Corn_tortilla_0093.jpg:0.4378; Corn_tortilla/Corn_tortilla_0081.jpg:0.3702
Corned_beef_sandwich/Corned_beef_sandwich_0084.jpg,Corned_beef_sandwich,A plate of brown corned beef sandwiches made with rye bread and corned beef,Corned_beef_sandwich/Corned_beef_sandwich_0081.jpg,Corned_beef_sandwich,"Corned beef sandwich prepared using rye bread, corned beef and white sauce, pierced by a pick",0,1,Beef_bun/Beef_bun_0092.jpg,0,0,1.498267,1,0.607663,13.018572,0.607663,0.153557,1.092950,0.000143,1.246655,Corned_beef_sandwich/Corned_beef_sandwich_0081.jpg:0.6077; Corned_beef_sandwich/Corned_beef_sandwich_0089.jpg:0.5273; Corned_beef_sandwich/Corned_beef_sandwich_0086.jpg:0.5020; Beef_bun/Beef_bun_0092.jpg:0.4649; Melt_sandwich/Melt_sandwich_0087.jpg:0.3346
Cotoletta/Cotoletta_0089.jpg,Cotoletta,A plate of three brown cotolettas with a fork on the side,Cotoletta/Cotoletta_0089.jpg,Cotoletta,A plate of three brown cotolettas with a fork on the side,1,1,Eggplant_omelette/Eggplant_omelette_0099.jpg,0,1,1.422351,1,0.581303,10.740196,0.581303,0.149410,0.411238,0.000147,0.560801,Cotoletta/Cotoletta_0089.jpg:0.5813; Fried_aubergine/Fried_aubergine_0082.jpg:0.4649; Fried_aubergine/Fried_aubergine_0099.jpg:0.3794; Eggplant_omelette/Eggplant_omelette_0099.jpg:0.3558; Fried_aubergine/Fried_aubergine_0086.jpg:0.3208
Crab_cake/Crab_cake_0082.jpg,Crab_cake,"A closeup of fried crab cakes, served on the oil paper",Fishcake/Fishcake_0092.jpg,Fishcake,Four fried fishcakes and a rectangular shovel placed on a round stainless steel pan.,0,0,Fishcake/Fishcake_0092.jpg,0,1,4.150500,0,0.000000,18.373793,18.373793,0.166076,0.000027,0.000074,0.166180,Fishcake/Fishcake_0092.jpg:18.3738; Crab_cake/Crab_cake_0082.jpg:14.2233; Wotou/Wotou_0101.jpg:13.2579; Turnip_cake/Turnip_cake_0093.jpg:13.0914; Eggplant_omelette/Eggplant_omelette_0092.jpg:12.7002
Crab_dip/Crab_dip_0099.jpg,Crab_dip,crab dip with chopped spring onion and minced crab inside,Crab_dip/Crab_dip_0099.jpg,Crab_dip,crab dip with chopped spring onion and minced crab inside,1,1,Crab_dip/Crab_dip_0095.jpg,0,1,0.893027,1,0.339828,13.207696,0.339828,0.145453,0.398867,0.000146,0.544471,Crab_dip/Crab_dip_0099.jpg:0.3398; Crab_dip/Crab_dip_0095.jpg:0.3311; Crab_dip/Crab_dip_0084.jpg:0.3157; Crab_dip/Crab_dip_0090.jpg:0.3124; Crab_dip/Crab_dip_0085.jpg:0.2200
Cream_of_broccoli_soup/Cream_of_broccoli_soup_0082.jpg,Cream_of_broccoli_soup,"Cream of broccoli soup made with broccoli, heavy cream and all purpose flour, sprinkled with black sesame seeds and garnished with white sauce on the top",Cream_of_broccoli_soup/Cream_of_broccoli_soup_0082.jpg,Cream_of_broccoli_soup,"Cream of broccoli soup made with broccoli, heavy cream and all purpose flour, sprinkled with black sesame seeds and garnished with white sauce on the top",1,1,Cream_of_broccoli_soup/Cream_of_broccoli_soup_0082.jpg,1,1,5.889582,0,0.000000,21.031105,21.031105,0.178626,0.000028,0.000073,0.178730,Cream_of_broccoli_soup/Cream_of_broccoli_soup_0082.jpg:21.0311; Cream_of_broccoli_soup/Cream_of_broccoli_soup_0092.jpg:15.1415; Cream_of_broccoli_soup/Cream_of_broccoli_soup_0090.jpg:14.6018; Lettuce_soup/Lettuce_soup_0101.jpg:14.3491; Cucumber_soup/Cucumber_soup_0089.jpg:14.2028
Cream_of_mushroom_soup/Cream_of_mushroom_soup_0087.jpg,Cream_of_mushroom_soup,"A top view of cream of mushroom soup garnished with green spices and mushroom slices, with a spoon on the side",Cream_of_mushroom_soup/Cream_of_mushroom_soup_0087.jpg,Cream_of_mushroom_soup,"A top view of cream of mushroom soup garnished with green spices and mushroom slices, with a spoon on the side",1,1,Cream_of_mushroom_soup/Cream_of_mushroom_soup_0083.jpg,0,1,1.560061,1,0.734120,13.790038,0.734120,0.165811,1.802024,0.000149,1.967989,Cream_of_mushroom_soup/Cream_of_mushroom_soup_0087.jpg:0.7341; Cream_of_mushroom_soup/Cream_of_mushroom_soup_0083.jpg:0.7025; Cream_of_mushroom_soup/Cream_of_mushroom_soup_0085.jpg:0.6225; Cream_of_mushroom_soup/Cream_of_mushroom_soup_0081.jpg:0.5564; Cream_of_mushroom_soup/Cream_of_mushroom_soup_0091.jpg:0.5448
Creamed_eggs_on_toast/Creamed_eggs_on_toast_0094.jpg,Creamed_eggs_on_toast,a creamed egg on top of a slice of toast with guacamole,Avocado_toast/Avocado_toast_0100.jpg,Avocado_toast,Avocado toast with a sunny-side-up egg in the middle and sliced fresh avocado on the top.,0,0,Creamed_eggs_on_toast/Creamed_eggs_on_toast_0095.jpg,0,1,1.598480,1,0.600188,14.507471,0.600188,0.163675,0.725471,0.000154,0.889307,Avocado_toast/Avocado_toast_0100.jpg:0.6002; Avocado_bread/Avocado_bread_0090.jpg:0.5737; Creamed_eggs_on_toast/Creamed_eggs_on_toast_0094.jpg:0.5603; Creamed_eggs_on_toast/Creamed_eggs_on_toast_0095.jpg:0.5429; Avocado_toast/Avocado_toast_0087.jpg:0.5020
Crudo/Crudo_0101.jpg,Crudo,"Crudo with a few pieces of meat, some green pepper strips, onion strips, cherry tomatoes, carrot strips and some caviar put on a rectangular white plate.",Crudo/Crudo_0101.jpg,Crudo,"Crudo with a few pieces of meat, some green pepper strips, onion strips, cherry tomatoes, carrot strips and some caviar put on a rectangular white plate.",1,1,Crudo/Crudo_0101.jpg,1,1,0.055387,1,0.637031,16.129539,0.637031,0.173887,1.702531,0.000148,1.876570,Crudo/Crudo_0101.jpg:0.6370; Crudo/Crudo_0124.jpg:0.4111; Crudo/Crudo_0092.jpg:0.3294; Crudo/Crudo_0093.jpg:0.3191; Crudo/Crudo_0107.jpg:0.2689
Crumble/Crumble_0085.jpg,Crumble,"A top view of crumble prepared using crumble mixture, stewed blueberries, served in the pot",Crumble/Crumble_0085.jpg,Crumble,"A top view of crumble prepared using crumble mixture, stewed blueberries, served in the pot",1,1,Crumble/Crumble_0085.jpg,1,1,0.310389,1,0.622459,17.300949,0.622459,0.523617,4.419438,0.000151,4.943211,Crumble/Crumble_0085.jpg:0.6225; Apple_crisp/Apple_crisp_0093.jpg:0.5889; Apple_cobbler/Apple_cobbler_0081.jpg:0.5293; Crumble/Crumble_0084.jpg:0.5020; Crumble/Crumble_0093.jpg:0.4455
Curry_Mee/Curry_Mee_0083.jpg,Curry_Mee,"Golden curry mee prepared using boiled eggs, fried tofu, meat and green vegetables, served in the white bowl",Hae_mee/Hae_mee_0083.jpg,Hae_mee,"Spicy hae mee made with pork, shrimps, and a half of a hard-boiled egg, cooked in a spicy soup.",0,0,Curry_Mee/Curry_Mee_0092.jpg,0,0,1.758895,1,0.352202,12.803880,0.352202,0.153913,1.116308,0.000149,1.270375,Hae_mee/Hae_mee_0083.jpg:0.3522; Curry_Mee/Curry_Mee_0092.jpg:0.3486; Curry_Mee/Curry_Mee_0081.jpg:0.3469; Curry_Mee/Curry_Mee_0094.jpg:0.3329; Laksa/Laksa_0103.jpg:0.3107
Curry_goat/Curry_goat_0091.jpg,Curry_goat,"a share of curry goat with rice, shredded lettuce and curry sauce",Curry_goat/Curry_goat_0091.jpg,Curry_goat,"a share of curry goat with rice, shredded lettuce and curry sauce",1,1,Curry_goat/Curry_goat_0091.jpg,1,1,1.180656,1,0.631594,15.897350,0.631594,0.150996,1.546956,0.000148,1.698106,Curry_goat/Curry_goat_0091.jpg:0.6316; Curry_goat/Curry_goat_0087.jpg:0.5964; Curry_goat/Curry_goat_0085.jpg:0.5117; Curry_goat/Curry_goat_0088.jpg:0.4397; Curry_goat/Curry_goat_0095.jpg:0.3540
Curry_rice/Curry_rice_0093.jpg,Curry_rice,"one share of curry rice with sauced beef, boiled and cut cherry tomato and myrcia",Biryani/Biryani_0082.jpg,Biryani,a pot of biryani full of rice mixed with roasted pork with golden skin.,0,0,Biryani/Biryani_0082.jpg,0,0,0.004804,1,0.484380,13.811144,0.484380,0.211325,1.974460,0.000104,2.185893,Biryani/Biryani_0082.jpg:0.4844; Biryani/Biryani_0085.jpg:0.4397; Biryani/Biryani_0091.jpg:0.4054; Curry_rice/Curry_rice_0095.jpg:0.3998; Biryani/Biryani_0086.jpg:0.3942
Currywurst/Currywurst_0084.jpg,Currywurst,There is a Currywurst on the paper plate with a lot of curry ketchup sauce.,Currywurst/Currywurst_0084.jpg,Currywurst,There is a Currywurst on the paper plate with a lot of curry ketchup sauce.,1,1,Currywurst/Currywurst_0083.jpg,0,1,2.299606,1,0.620622,21.287357,0.620622,0.151527,1.366594,0.000153,1.518280,Currywurst/Currywurst_0084.jpg:0.6206; Currywurst/Currywurst_0083.jpg:0.5254; Currywurst/Currywurst_0093.jpg:0.5000; Currywurst/Currywurst_0091.jpg:0.4824; Currywurst/Currywurst_0095.jpg:0.4378
Denver_omelette/Denver_omelette_0085.jpg,Denver_omelette,"There is a Denver omelette with sauce, light cream, and avocado on the plate, and some potato cubes and bread on the side.",Denver_omelette/Denver_omelette_0085.jpg,Denver_omelette,"There is a Denver omelette with sauce, light cream, and avocado on the plate, and some potato cubes and bread on the side.",1,1,Tomato_omelette/Tomato_omelette_0093.jpg,0,1,0.247926,1,0.699254,13.097498,0.699254,0.155089,1.603674,0.000151,1.758921,Denver_omelette/Denver_omelette_0085.jpg:0.6993; Denver_omelette/Denver_omelette_0083.jpg:0.5215; Tomato_omelette/Tomato_omelette_0093.jpg:0.3225; Denver_omelette/Denver_omelette_0092.jpg:0.2942; Huevos_rancheros/Huevos_rancheros_0082.jpg:0.2659
Denver_sandwich/Denver_sandwich_0139.jpg,Denver_sandwich,"A Denver sandwich with green bell pepper, sliced onions, bacons and omelette inside cut into halves on the silicon paper",Denver_sandwich/Denver_sandwich_0139.jpg,Denver_sandwich,"A Denver sandwich with green bell pepper, sliced onions, bacons and omelette inside cut into halves on the silicon paper",1,1,Denver_sandwich/Denver_sandwich_0139.jpg,1,1,2.833014,1,0.616936,14.081576,0.616936,0.159540,1.647707,0.000155,1.807409,Denver_sandwich/Denver_sandwich_0139.jpg:0.6169; Denver_sandwich/Denver_sandwich_0145.jpg:0.4225; Sausage_sandwich/Sausage_sandwich_0088.jpg:0.2958; Bacon_and_eggs/Bacon_and_eggs_0087.jpg:0.2783; Denver_sandwich/Denver_sandwich_0148.jpg:0.2509
Dhokla/Dhokla_0084.jpg,Dhokla,The white round plate contains a piece of Dhokla without any decoration and ingredients.,Butter_cake/Butter_cake_0097.jpg,Butter_cake,A round white plate of butter cake with a yellow base and dark brown cover,0,0,Dhokla/Dhokla_0084.jpg,1,1,2.188978,1,0.352202,12.130841,0.352202,0.141492,0.391814,0.000155,0.533467,Butter_cake/Butter_cake_0097.jpg:0.3522; Wotou/Wotou_0102.jpg:0.3398; Dhokla/Dhokla_0084.jpg:0.3294; Banh_bo/Banh_bo_0081.jpg:0.2942; Wotou/Wotou_0096.jpg:0.2798
Di_san_xian/Di_san_xian_0113.jpg,Di_san_xian,"This is a very light di san xian, just cut potatoes, eggplants, green peppers into pieces, stir fry them and put them on a white round plate.",Di_san_xian/Di_san_xian_0113.jpg,Di_san_xian,"This is a very light di san xian, just cut potatoes, eggplants, green peppers into pieces, stir fry them and put them on a white round plate.",1,1,Di_san_xian/Di_san_xian_0113.jpg,1,1,1.284962,1,0.712232,19.234711,0.712232,0.454998,3.992277,0.000162,4.447443,Di_san_xian/Di_san_xian_0113.jpg:0.7122; Di_san_xian/Di_san_xian_0094.jpg:0.5273; Di_san_xian/Di_san_xian_0091.jpg:0.4727; Di_san_xian/Di_san_xian_0105.jpg:0.4436; Di_san_xian/Di_san_xian_0109.jpg:0.3469
Dinuguan/Dinuguan_0093.jpg,Dinuguan,A white casserole full of thick and flavorful stew Dinuguan topped with a dash of green pepper and served alongside rice cakes,Dinuguan/Dinuguan_0099.jpg,Dinuguan,Dark colored dish Dinuguan with whole green pepper on the top,0,1,Dinuguan/Dinuguan_0105.jpg,0,0,0.294868,1,0.675765,18.667217,0.675765,0.149426,0.414146,0.000147,0.563725,Dinuguan/Dinuguan_0099.jpg:0.6758; Dinuguan/Dinuguan_0101.jpg:0.5487; Dinuguan/Dinuguan_0107.jpg:0.4727; Dinuguan/Dinuguan_0105.jpg:0.4571; Dinuguan/Dinuguan_0091.jpg:0.4263
Dirty_Rice/Dirty_Rice_0093.jpg,Dirty_Rice,Dirty rice in the frying pan with a sprinkle of chopped green onion,Dirty_Rice/Dirty_Rice_0093.jpg,Dirty_Rice,Dirty rice in the frying pan with a sprinkle of chopped green onion,1,1,Dirty_Rice/Dirty_Rice_0093.jpg,1,1,2.276874,1,0.596433,17.576054,0.596433,0.149036,1.190201,0.000150,1.339392,Dirty_Rice/Dirty_Rice_0093.jpg:0.5964; Dirty_Rice/Dirty_Rice_0082.jpg:0.4301; Dirty_Rice/Dirty_Rice_0096.jpg:0.3157; Dirty_Rice/Dirty_Rice_0094.jpg:0.2751; Dirty_Rice/Dirty_Rice_0095.jpg:0.2598
Dong'an_chicken/Dong'an_chicken_0074.jpg,Dong'an_chicken,Dong'an chicken cut into pieces and placed neatly on the top of shallots.,Bon_bon_chicken/Bon_bon_chicken_0086.jpg,Bon_bon_chicken,The bon bon chicken was cut into pieces and placed in the shape of a chicken on a diamond-shaped plate of red oil.,0,0,Bon_bon_chicken/Bon_bon_chicken_0086.jpg,0,1,3.540182,0,0.000000,20.454178,20.454178,0.148013,0.000026,0.000083,0.148126,Bon_bon_chicken/Bon_bon_chicken_0086.jpg:20.4542; Dong'an_chicken/Dong'an_chicken_0076.jpg:16.9140; Wenchang_chicken/Wenchang_chicken_0081.jpg:16.7307; Drunken_chicken/Drunken_chicken_0092.jpg:16.5793; Dong'an_chicken/Dong'an_chicken_0074.jpg:16.5421
Doufunao/Doufunao_0092.jpg,Doufunao,"A bowl full of Doufunao with rich ingredients of crushed peanuts, egg skin shreds, chopped green onions, coriander and sesame",Doufunao/Doufunao_0092.jpg,Doufunao,"A bowl full of Doufunao with rich ingredients of crushed peanuts, egg skin shreds, chopped green onions, coriander and sesame",1,1,Shuizhu/Shuizhu_0092.jpg,0,1,1.670181,1,0.435902,17.078123,0.435902,0.155684,0.814504,0.000151,0.970344,Doufunao/Doufunao_0092.jpg:0.4359; Fuqi_feipian/Fuqi_feipian_0230.jpg:0.3757; Shuizhu/Shuizhu_0092.jpg:0.3208; Doufunao/Doufunao_0082.jpg:0.3074; Fuqi_feipian/Fuqi_feipian_0238.jpg:0.2958
Drunken_shrimp/Drunken_shrimp_0083.jpg,Drunken_shrimp,"There is a dish of Drunken shrimp with a lot of chili oil, sesame seeds, and spring onions on the wooden table.",Drunken_shrimp/Drunken_shrimp_0083.jpg,Drunken_shrimp,"There is a dish of Drunken shrimp with a lot of chili oil, sesame seeds, and spring onions on the wooden table.",1,1,Drunken_shrimp/Drunken_shrimp_0100.jpg,0,1,0.133011,1,0.638835,16.746803,0.638835,0.168886,1.598682,0.000127,1.767701,Drunken_shrimp/Drunken_shrimp_0083.jpg:0.6388; Drunken_shrimp/Drunken_shrimp_0096.jpg:0.4282; Fuqi_feipian/Fuqi_feipian_0237.jpg:0.4263; Drunken_shrimp/Drunken_shrimp_0100.jpg:0.3486; Drunken_shrimp/Drunken_shrimp_0088.jpg:0.3024
Edamame/Edamame_0086.jpg,Edamame,In the small white bowl are some Edamame covered with pepper.,Edamame/Edamame_0086.jpg,Edamame,In the small white bowl are some Edamame covered with pepper.,1,1,Edamame/Edamame_0086.jpg,1,1,0.714346,1,0.679179,17.164036,0.679179,0.149548,1.538195,0.000147,1.687895,Edamame/Edamame_0086.jpg:0.6792; Edamame/Edamame_0083.jpg:0.6188; Edamame/Edamame_0081.jpg:0.5870; Edamame/Edamame_0092.jpg:0.4902; Nattō/Nattō_0085.jpg:0.3040
Eisbein/Eisbein_0085.jpg,Eisbein,"A white plate contains a piece of Eisbein, some sauerkraut, a few pieces of potatoes, and a lot of mustard.",Eisbein/Eisbein_0085.jpg,Eisbein,"A white plate contains a piece of Eisbein, some sauerkraut, a few pieces of potatoes, and a lot of mustard.",1,1,Eisbein/Eisbein_0094.jpg,0,1,0.313013,1,0.605799,18.346226,0.605799,0.148844,1.011207,0.000100,1.160155,Eisbein/Eisbein_0085.jpg:0.6058; Eisbein/Eisbein_0094.jpg:0.5794; Eisbein/Eisbein_0093.jpg:0.5273; Eisbein/Eisbein_0081.jpg:0.4707; Schweinshaxe/Schweinshaxe_0093.jpg:0.4436
Es_campur/Es_campur_0102.jpg,Es_campur,"A round green bowl full of the mixture of shaved ice, tapioca pearls and grass jelly cubes made the Es campur",Es_campur/Es_campur_0102.jpg,Es_campur,"A round green bowl full of the mixture of shaved ice, tapioca pearls and grass jelly cubes made the Es campur",1,1,Es_campur/Es_campur_0102.jpg,1,1,1.987176,1,0.596433,15.704295,0.596433,0.141508,0.422071,0.000120,0.563702,Es_campur/Es_campur_0102.jpg:0.5964; Es_campur/Es_campur_0085.jpg:0.4883; Es_campur/Es_campur_0100.jpg:0.4244; Sopa_de_Mandioca/Sopa_de_Mandioca_0109.jpg:0.4149; Es_campur/Es_campur_0106.jpg:0.4130
Filet_mignon/Filet_mignon_0094.jpg,Filet_mignon,"Two filet mignon steaks served with rice with a smiling face, salad, salad dressing, and a bowl of brown soup.",Filet_mignon/Filet_mignon_0094.jpg,Filet_mignon,"Two filet mignon steaks served with rice with a smiling face, salad, salad dressing, and a bowl of brown soup.",1,1,Filet_mignon/Filet_mignon_0094.jpg,1,1,13.659574,0,0.000000,26.498436,26.498436,0.145785,0.000027,0.000072,0.145886,Filet_mignon/Filet_mignon_0094.jpg:26.4984; Cebolada/Cebolada_0091.jpg:12.8389; Red_beans_and_rice/Red_beans_and_rice_0088.jpg:11.6108; Cotoletta/Cotoletta_0084.jpg:10.7100; Gyutan/Gyutan_0114.jpg:10.5461
Fish_ball/Fish_ball_0090.jpg,Fish_ball,"A plate of white fish balls on a plate with a flower pattern, next to some flowers.",Fish_ball/Fish_ball_0090.jpg,Fish_ball,"A plate of white fish balls on a plate with a flower pattern, next to some flowers.",1,1,Fish_ball/Fish_ball_0090.jpg,1,1,2.513073,1,0.607663,19.955540,0.607663,0.157908,1.608869,0.000153,1.766935,Fish_ball/Fish_ball_0090.jpg:0.6077; Rice_cakes/Rice_cakes_0095.jpg:0.3961; Wotou/Wotou_0108.jpg:0.3868; Jiuniang/Jiuniang_0087.jpg:0.3739; Jiuniang/Jiuniang_0082.jpg:0.2926
Fish_head_casserole/Fish_head_casserole_0100.jpg,Fish_head_casserole,"A fish soaked in white soup, sprinkled with coriander, and placed in a round brown casserole.",Fish_head_casserole/Fish_head_casserole_0100.jpg,Fish_head_casserole,"A fish soaked in white soup, sprinkled with coriander, and placed in a round brown casserole.",1,1,Fish_head_casserole/Fish_head_casserole_0088.jpg,0,1,0.799187,1,0.687630,18.270496,0.687630,0.148239,0.548232,0.000149,0.696626,Fish_head_casserole/Fish_head_casserole_0100.jpg:0.6876; Fish_soup/Fish_soup_0090.jpg:0.6689; Fish_head_casserole/Fish_head_casserole_0088.jpg:0.6169; Fish_head_casserole/Fish_head_casserole_0094.jpg:0.5487; Fish_head_casserole/Fish_head_casserole_0090.jpg:0.4571
Fish_head_curry/Fish_head_curry_0094.jpg,Fish_head_curry,"A fish head dipped in red curry soup, sprinkled with some pickled pepper and agaric, placed on a large green leaf, on an oval white plate.",Fish_head_curry/Fish_head_curry_0094.jpg,Fish_head_curry,"A fish head dipped in red curry soup, sprinkled with some pickled pepper and agaric, placed on a large green leaf, on an oval white plate.",1,1,Fish_head_curry/Fish_head_curry_0095.jpg,0,1,0.065160,1,0.647798,10.360556,0.647798,0.155493,1.582968,0.000150,1.738616,Fish_head_curry/Fish_head_curry_0094.jpg:0.6478; Fish_head_curry/Fish_head_curry_0081.jpg:0.4805; Fish_head_curry/Fish_head_curry_0089.jpg:0.4688; Fish_head_curry/Fish_head_curry_0095.jpg:0.3812; Fish_head_casserole/Fish_head_casserole_0096.jpg:0.3504
Fish_soup/Fish_soup_0091.jpg,Fish_soup,"A few fish sprinkled with chopped scallions and green peppers, dipped in white soup and put in a round bowl.",Fish_soup/Fish_soup_0091.jpg,Fish_soup,"A few fish sprinkled with chopped scallions and green peppers, dipped in white soup and put in a round bowl.",1,1,Fish_soup/Fish_soup_0095.jpg,0,1,0.094917,1,0.685949,12.784018,0.685949,0.147862,0.699768,0.000144,0.847780,Fish_soup/Fish_soup_0091.jpg:0.6859; Fish_soup/Fish_soup_0093.jpg:0.6132; Fish_soup/Fish_soup_0095.jpg:0.5794; Sliced_fish_soup/Sliced_fish_soup_0085.jpg:0.5583; Fish_head_casserole/Fish_head_casserole_0088.jpg:0.4054
Fish_steak/Fish_steak_0108.jpg,Fish_steak,"Dark brown fish steak served with onions, on a white disc.",Fish_steak/Fish_steak_0108.jpg,Fish_steak,"Dark brown fish steak served with onions, on a white disc.",1,1,Fish_steak/Fish_steak_0108.jpg,1,1,1.757242,1,0.579400,18.133970,0.579400,0.146537,1.001433,0.000155,1.148130,Fish_steak/Fish_steak_0108.jpg:0.5794; Fish_steak/Fish_steak_0127.jpg:0.4785; Ikan_goreng/Ikan_goreng_0100.jpg:0.4571; Asam_pedas/Asam_pedas_0096.jpg:0.4417; Bistek/Bistek_0100.jpg:0.3174
Fishcake/Fishcake_0086.jpg,Fishcake,"Several fried golden fish cakes served with basil leaves and lemon wedges, and two forks beside them, on a pale blue oblong plate.",Fishcake/Fishcake_0086.jpg,Fishcake,"Several fried golden fish cakes served with basil leaves and lemon wedges, and two forks beside them, on a pale blue oblong plate.",1,1,Fishcake/Fishcake_0091.jpg,0,1,0.240888,1,0.660172,13.970150,0.660172,0.148595,0.845836,0.000148,0.994584,Fishcake/Fishcake_0086.jpg:0.6602; Fishcake/Fishcake_0084.jpg:0.5545; Fishcake/Fishcake_0091.jpg:0.4378; Crab_cake/Crab_cake_0095.jpg:0.3486; Fishcake/Fishcake_0092.jpg:0.3451
Fondue/Fondue_0088.jpg,Fondue,"A long-handled fork with toast pieces, apple slices dipped in a white fondue, next to apple slices, toast, onion, celery, potatoes.",Fondue/Fondue_0088.jpg,Fondue,"A long-handled fork with toast pieces, apple slices dipped in a white fondue, next to apple slices, toast, onion, celery, potatoes.",1,1,Fondue/Fondue_0088.jpg,1,1,1.419173,1,0.685949,15.681401,0.685949,0.185968,1.764508,0.000144,1.950627,Fondue/Fondue_0088.jpg:0.6859; Fondue/Fondue_0089.jpg:0.6114; Fondue/Fondue_0100.jpg:0.5756; Fondue/Fondue_0092.jpg:0.5293; Fondue/Fondue_0096.jpg:0.5156
Francesinha/Francesinha_0090.jpg,Francesinha,"Half-boiled fried eggs and Francesinha, some chips, served with a yellow gravy, in a white disc.",Francesinha/Francesinha_0096.jpg,Francesinha,A francesinha with yellow sauce and a lot of french fries placed on tomato sauce on a white round plate.,0,1,Francesinha/Francesinha_0095.jpg,0,0,1.193035,1,0.586996,20.854883,0.586996,0.156907,1.117026,0.000147,1.274085,Francesinha/Francesinha_0096.jpg:0.5870; Francesinha/Francesinha_0083.jpg:0.4883; Francesinha/Francesinha_0095.jpg:0.4707; Francesinha/Francesinha_0081.jpg:0.3398; Francesinha/Francesinha_0088.jpg:0.2465
Frappe/Frappe_0093.jpg,Frappe,A glass of pale brown frappe placed on a folded handkerchief with red stripes.,Frappe/Frappe_0093.jpg,Frappe,A glass of pale brown frappe placed on a folded handkerchief with red stripes.,1,1,Frappe/Frappe_0093.jpg,1,1,8.916228,0,0.000000,15.611929,15.611929,0.147218,0.000028,0.000074,0.147322,Frappe/Frappe_0093.jpg:15.6119; Twix/Twix_0081.jpg:6.6957; Frappe/Frappe_0087.jpg:5.5162; Champurrado/Champurrado_0094.jpg:5.2571; Vindaloo/Vindaloo_0097.jpg:5.0772
French_toast/French_toast_0086.jpg,French_toast,"Three square French toast with half a strawberry on top and a few strawberries on the side, on a disc with a glass of milk next to it.",French_toast/French_toast_0086.jpg,French_toast,"Three square French toast with half a strawberry on top and a few strawberries on the side, on a disc with a glass of milk next to it.",1,1,French_toast/French_toast_0086.jpg,1,1,1.811460,1,0.746139,15.324863,0.746139,0.149702,1.193583,0.000151,1.343441,French_toast/French_toast_0086.jpg:0.7461; Strawberry_tart/Strawberry_tart_0098.jpg:0.3451; Wotou/Wotou_0108.jpg:0.2958; Cotoletta/Cotoletta_0095.jpg:0.2187; Cherry_pie/Cherry_pie_0093.jpg:0.1689
Fried_Tofu/Fried_Tofu_0081.jpg,Fried_Tofu,Several dark brown fried tofu skewers on a white plate.,Fried_Tofu/Fried_Tofu_0081.jpg,Fried_Tofu,Several dark brown fried tofu skewers on a white plate.,1,1,Fried_Tofu/Fried_Tofu_0081.jpg,1,1,5.522376,0,0.000000,18.480516,18.480516,0.149666,0.000027,0.000076,0.149773,Fried_Tofu/Fried_Tofu_0081.jpg:18.4805; kebab/kebab_0098.jpg:12.9581; Anago/Anago_0098.jpg:12.4148; Crudo/Crudo_0095.jpg:11.9245; kebab/kebab_0095.jpg:11.5028
Fried_aubergine/Fried_aubergine_0082.jpg,Fried_aubergine,"Several golden fried aubergines, with forks on the surface, rest on a plate lined with white paper.",Fried_aubergine/Fried_aubergine_0082.jpg,Fried_aubergine,"Several golden fried aubergines, with forks on the surface, rest on a plate lined with white paper.",1,1,Fried_aubergine/Fried_aubergine_0082.jpg,1,1,2.896360,1,0.710628,16.994127,0.710628,0.153902,1.001695,0.000153,1.155756,Fried_aubergine/Fried_aubergine_0082.jpg:0.7106; Fried_aubergine/Fried_aubergine_0099.jpg:0.4844; Pakora/Pakora_0086.jpg:0.4378; Fishcake/Fishcake_0092.jpg:0.3794; Fried_aubergine/Fried_aubergine_0086.jpg:0.3433
Fried_cheese/Fried_cheese_0095.jpg,Fried_cheese,"Three fried cheese sprinkled with some white cream and chopped coriander, placed on a black rectangular plate.",Chicken_parmigiana/Chicken_parmigiana_0084.jpg,Chicken_parmigiana,a large piece of chicken parmigiana covered with melted cheese and tomato sauce,0,0,Chicken_parmigiana/Chicken_parmigiana_0084.jpg,0,0,0.380564,1,0.500000,13.100269,0.500000,0.149088,0.739941,0.000132,0.889167,Chicken_parmigiana/Chicken_parmigiana_0084.jpg:0.5000; Chicken_parmigiana/Chicken_parmigiana_0093.jpg:0.4902; Chicken_parmigiana/Chicken_parmigiana_0089.jpg:0.4668; Chicken_parmigiana/Chicken_parmigiana_0092.jpg:0.4436; Chicken_parmigiana/Chicken_parmigiana_0088.jpg:0.3979
Fried_chicken/Fried_chicken_0092.jpg,Fried_chicken,Many pieces of fried chicken sprinkled with white sesame seeds on a piece of tin foil and placed on a rectangular white plate.,Fried_chicken/Fried_chicken_0092.jpg,Fried_chicken,Many pieces of fried chicken sprinkled with white sesame seeds on a piece of tin foil and placed on a rectangular white plate.,1,1,Fried_chicken/Fried_chicken_0092.jpg,1,1,3.463356,0,0.000000,15.709236,15.709236,0.148327,0.000026,0.000072,0.148428,Fried_chicken/Fried_chicken_0092.jpg:15.7092; Korean_fried_chicken/Korean_fried_chicken_0091.jpg:12.2459; Korean_fried_chicken/Korean_fried_chicken_0093.jpg:11.0723; Orange_chicken/Orange_chicken_0096.jpg:10.9735; Korean_fried_chicken/Korean_fried_chicken_0104.jpg:10.8640
Fried_noodles/Fried_noodles_0088.jpg,Fried_noodles,"One pot of fried noodles, with broccoli, diced carrots, diced meat, and diced mushrooms.",Fried_noodles/Fried_noodles_0088.jpg,Fried_noodles,"One pot of fried noodles, with broccoli, diced carrots, diced meat, and diced mushrooms.",1,1,Fried_noodles/Fried_noodles_0088.jpg,1,1,4.631216,0,0.000000,17.070774,17.070774,0.159078,0.000057,0.000071,0.159209,Fried_noodles/Fried_noodles_0088.jpg:17.0708; Pasta/Pasta_0090.jpg:12.4396; Fried_noodles/Fried_noodles_0091.jpg:12.2835; Shanghai_fried_noodles/Shanghai_fried_noodles_0096.jpg:10.4169; Shanghai_fried_noodles/Shanghai_fried_noodles_0088.jpg:9.6876
Fruit_curd/Fruit_curd_0097.jpg,Fruit_curd,"On top of a glass jar of fruit, the curd is a wooden spoon with some yellow fruit curd inside",Fruit_curd/Fruit_curd_0097.jpg,Fruit_curd,"On top of a glass jar of fruit, the curd is a wooden spoon with some yellow fruit curd inside",1,1,Fruit_curd/Fruit_curd_0097.jpg,1,1,3.157800,0,0.000000,16.079784,16.079784,0.148210,0.000028,0.000074,0.148314,Fruit_curd/Fruit_curd_0097.jpg:16.0798; Fruit_curd/Fruit_curd_0092.jpg:12.9220; Fruit_curd/Fruit_curd_0091.jpg:12.5138; Fruit_curd/Fruit_curd_0098.jpg:12.2753; Fruit_curd/Fruit_curd_0083.jpg:12.2340
Garlic_bread/Garlic_bread_0089.jpg,Garlic_bread,"A basket of garlic bread wedges with toasted sourdough bread, minced garlic and chopped chives.",Garlic_bread/Garlic_bread_0089.jpg,Garlic_bread,"A basket of garlic bread wedges with toasted sourdough bread, minced garlic and chopped chives.",1,1,Garlic_bread/Garlic_bread_0081.jpg,0,1,1.245738,1,0.571767,13.157274,0.571767,0.148633,0.425233,0.000156,0.574026,Garlic_bread/Garlic_bread_0089.jpg:0.5718; Garlic_bread/Garlic_bread_0094.jpg:0.5718; Garlic_bread/Garlic_bread_0096.jpg:0.5429; Garlic_bread/Garlic_bread_0084.jpg:0.5409; Garlic_bread/Garlic_bread_0081.jpg:0.4844
Ginger_beef/Ginger_beef_0091.jpg,Ginger_beef,"Ginger beef consists of marinated slices of beef that are battered, deep-fried, then coated with a sweet and spicy dark sauce.",Ginger_beef/Ginger_beef_0087.jpg,Ginger_beef,"a ceramic plate of ginger beef made of beef, onions and carrot strips",0,1,Ginger_beef/Ginger_beef_0084.jpg,0,1,0.380312,1,0.428233,15.755947,0.428233,0.147816,0.843298,0.000143,0.991263,Ginger_beef/Ginger_beef_0087.jpg:0.4282; Ginger_beef/Ginger_beef_0084.jpg:0.4244; Ginger_beef/Ginger_beef_0097.jpg:0.3942; Ginger_beef/Ginger_beef_0091.jpg:0.3666; Ginger_beef/Ginger_beef_0094.jpg:0.3346
Gravlax/Gravlax_0092.jpg,Gravlax,"There are two plates of gravlax on a piece of cloth, that is made of some salmon fillet, some shredded pear, and onion, and sprinkled some chopped dill on them",Gravlax/Gravlax_0092.jpg,Gravlax,"There are two plates of gravlax on a piece of cloth, that is made of some salmon fillet, some shredded pear, and onion, and sprinkled some chopped dill on them",1,1,Gravlax/Gravlax_0092.jpg,1,1,4.600371,0,0.000000,18.753071,18.753071,0.177059,0.000028,0.000072,0.177161,Gravlax/Gravlax_0092.jpg:18.7531; Smoked_salmon/Smoked_salmon_0089.jpg:14.1527; Crudo/Crudo_0107.jpg:13.8115; Gravlax/Gravlax_0083.jpg:12.1569; Gravlax/Gravlax_0088.jpg:11.8701
Greek_salad/Greek_salad_0095.jpg,Greek_salad,"A bowl of greek salad, that is made of some tomato cubes, pimiento cubes, black olives, grapes, onions, feta cheese, parsley, and some lettuce",Greek_salad/Greek_salad_0095.jpg,Greek_salad,"A bowl of greek salad, that is made of some tomato cubes, pimiento cubes, black olives, grapes, onions, feta cheese, parsley, and some lettuce",1,1,Greek_salad/Greek_salad_0095.jpg,1,1,0.794355,1,0.635222,17.265438,0.635222,0.307800,2.836512,0.000148,3.144465,Greek_salad/Greek_salad_0095.jpg:0.6352; Greek_salad/Greek_salad_0087.jpg:0.5156; Greek_salad/Greek_salad_0085.jpg:0.5020; Greek_salad/Greek_salad_0081.jpg:0.4668; Greek_salad/Greek_salad_0094.jpg:0.4282
Green_bean_casserole/Green_bean_casserole_0081.jpg,Green_bean_casserole,A closeup of green bean casserole with mushroom-sauced green beans and topped with fried onions.,Green_bean_casserole/Green_bean_casserole_0096.jpg,Green_bean_casserole,"A serving of green bean casserole on a white plate is made of some green beans, some cream, and some fried chopped onion",0,1,Green_bean_casserole/Green_bean_casserole_0098.jpg,0,0,0.808988,1,0.726426,14.790384,0.726426,0.148160,0.623411,0.000150,0.771728,Green_bean_casserole/Green_bean_casserole_0096.jpg:0.7264; Green_bean_casserole/Green_bean_casserole_0098.jpg:0.6876; Green_bean_casserole/Green_bean_casserole_0092.jpg:0.6549; Green_bean_casserole/Green_bean_casserole_0093.jpg:0.6478; Green_bean_casserole/Green_bean_casserole_0088.jpg:0.6334
Green_papaya_salad/Green_papaya_salad_0088.jpg,Green_papaya_salad,"Green papaya salad made with strips of papaya and chopped green beans, alongside finely chopped red hot pepper and roasted peanuts.",Green_papaya_salad/Green_papaya_salad_0088.jpg,Green_papaya_salad,"Green papaya salad made with strips of papaya and chopped green beans, alongside finely chopped red hot pepper and roasted peanuts.",1,1,Green_papaya_salad/Green_papaya_salad_0088.jpg,1,1,3.560181,0,0.000000,19.097279,19.097279,0.151085,0.000027,0.000071,0.151187,Green_papaya_salad/Green_papaya_salad_0088.jpg:19.0973; Green_papaya_salad/Green_papaya_salad_0085.jpg:15.5371; Green_papaya_salad/Green_papaya_salad_0087.jpg:15.1921; Green_papaya_salad/Green_papaya_salad_0081.jpg:14.7665; Green_papaya_salad/Green_papaya_salad_0094.jpg:14.5013
Grits/Grits_0093.jpg,Grits,A serving of smashed grits containing mixed golden quinoa and cooked rice,Grits/Grits_0098.jpg,Grits,"A bowl of grits, that is made of some smashed quinoa with a dip in some light yellow sauce, and placed a piece of unmelted butter on them",0,1,Grits/Grits_0093.jpg,1,1,2.431631,1,0.537041,12.573462,0.537041,0.147661,0.964948,0.000156,1.112770,Grits/Grits_0098.jpg:0.5370; Grits/Grits_0093.jpg:0.4727; Grits/Grits_0095.jpg:0.3831; Grits/Grits_0092.jpg:0.3576; Aligot/Aligot_0100.jpg:0.3576
Gyutan/Gyutan_0086.jpg,Gyutan,"A flatter of lightly grilled Gyutan prepared using thin slices of beef tongue, served accompanied by fresh vegetables.",Gyutan/Gyutan_0298.jpg,Gyutan,"A plate of gyutan, is made of a few grilled beef tongue slices, and there are some lettuce and some salad sauce next to them.",0,1,Gyutan/Gyutan_0086.jpg,1,1,1.656961,1,0.562177,18.293228,0.562177,0.148876,1.164378,0.000149,1.313409,Gyutan/Gyutan_0298.jpg:0.5622; Gyutan/Gyutan_0084.jpg:0.4610; Gyutan/Gyutan_0086.jpg:0.4591; Gyutan/Gyutan_0292.jpg:0.4359; Gyutan/Gyutan_0295.jpg:0.3486
Hainanese_chicken_rice/Hainanese_chicken_rice_0087.jpg,Hainanese_chicken_rice,"Hainanese chicken rice prepared using bite-sized chicken and steamed white rice, served with chili sauce and soy sauce, with a sprinkle of fried onions.",Hainanese_chicken_rice/Hainanese_chicken_rice_0087.jpg,Hainanese_chicken_rice,"Hainanese chicken rice prepared using bite-sized chicken and steamed white rice, served with chili sauce and soy sauce, with a sprinkle of fried onions.",1,1,Hainanese_chicken_rice/Hainanese_chicken_rice_0094.jpg,0,1,0.975925,1,0.651355,14.813346,0.651355,0.148940,1.137234,0.000156,1.286335,Hainanese_chicken_rice/Hainanese_chicken_rice_0087.jpg:0.6514; Hainanese_chicken_rice/Hainanese_chicken_rice_0094.jpg:0.5293; Hainanese_chicken_rice/Hainanese_chicken_rice_0083.jpg:0.4533; White_cut_chicken/White_cut_chicken_0091.jpg:0.4397; Hainanese_chicken_rice/Hainanese_chicken_rice_0096.jpg:0.4187
Ham_and_cheese_sandwich/Ham_and_cheese_sandwich_0081.jpg,Ham_and_cheese_sandwich,Dark-grilled ham and cheese sandwich with slices of white bread and a cheesy filling.,Melt_sandwich/Melt_sandwich_0087.jpg,Melt_sandwich,"Two pieces of melt sandwiches with sliced cucumber, melted cheese, and sliced meat in between.",0,0,Ham_and_cheese_sandwich/Ham_and_cheese_sandwich_0081.jpg,1,1,1.750951,1,0.490236,12.734649,0.490236,0.146554,0.954175,0.000151,1.100887,Melt_sandwich/Melt_sandwich_0087.jpg:0.4902; Ham_and_cheese_sandwich/Ham_and_cheese_sandwich_0083.jpg:0.4591; Ham_and_cheese_sandwich/Ham_and_cheese_sandwich_0082.jpg:0.4149; Ham_salad/Ham_salad_0117.jpg:0.4130; Ham_and_cheese_sandwich/Ham_and_cheese_sandwich_0081.jpg:0.3849
Har_gow/Har_gow_0100.jpg,Har_gow,"Some translucent dumpling skins, some shrimp and bright orange-coloured shrimp filling made into har gow, in a silver steamer.",Har_gow/Har_gow_0093.jpg,Har_gow,"A serving of Har gow, which is made of some translucent dumpling skins, and shrimp dumpling filling",0,1,Har_gow/Har_gow_0093.jpg,0,1,0.020840,1,0.428233,16.209816,0.428233,0.141386,0.412629,0.000155,0.554176,Har_gow/Har_gow_0093.jpg:0.4282; Har_gow/Har_gow_0092.jpg:0.3979; Har_gow/Har_gow_0084.jpg:0.3961; Har_gow/Har_gow_0100.jpg:0.3942; Har_gow/Har_gow_0082.jpg:0.3294
Hiyayakko/Hiyayakko_0095.jpg,Hiyayakko,"A serving of hiyayakko, which is made of tofu, some green vegetables leaves, some chopped shallot, and poured some coffee-color sauce",Hiyayakko/Hiyayakko_0095.jpg,Hiyayakko,"A serving of hiyayakko, which is made of tofu, some green vegetables leaves, some chopped shallot, and poured some coffee-color sauce",1,1,Hiyayakko/Hiyayakko_0084.jpg,0,1,1.262722,1,0.569853,16.793732,0.569853,0.141052,0.392380,0.000133,0.533570,Hiyayakko/Hiyayakko_0095.jpg:0.5699; Agedashi_tofu/Agedashi_tofu_0083.jpg:0.4824; Hiyayakko/Hiyayakko_0084.jpg:0.4513; Hiyayakko/Hiyayakko_0085.jpg:0.4436; Hiyayakko/Hiyayakko_0097.jpg:0.2659
Hokkien_mee/Hokkien_mee_0081.jpg,Hokkien_mee,"Hokkien mee consisted of round wheat noodles and rice noodles, stir-fried with prawns and bean sprouts.",Hokkien_mee/Hokkien_mee_0098.jpg,Hokkien_mee,"A serving of Hokkien mee, which is made of some noodles, some bean sprouts, some brown sauce, a shrimp, and a slice of green kumquat next to them.",0,1,Hokkien_mee/Hokkien_mee_0081.jpg,1,1,1.370235,1,0.566019,15.078348,0.566019,0.155927,1.367800,0.000145,1.523877,Hokkien_mee/Hokkien_mee_0098.jpg:0.5660; Hae_mee/Hae_mee_0081.jpg:0.5622; Hokkien_mee/Hokkien_mee_0081.jpg:0.5137; Hokkien_mee/Hokkien_mee_0085.jpg:0.4785; Hokkien_mee/Hokkien_mee_0086.jpg:0.4533
Hongshao_rou/Hongshao_rou_0094.jpg,Hongshao_rou,"Hongshao rou is boiled and doused in a mixture of rice wine, sugar, light and dark soy sauce, shallot and star anise",Pot_roast/Pot_roast_0086.jpg,Pot_roast,"A large pot of stewed meat with red soup, star anise, cinnamon, fragrant leaves, tangerine peel, meat pieces.",0,0,Hongshao_rou/Hongshao_rou_0094.jpg,1,1,1.465412,1,0.432063,16.500496,0.432063,0.151138,1.172488,0.000155,1.323787,Pot_roast/Pot_roast_0086.jpg:0.4321; Hongshao_rou/Hongshao_rou_0082.jpg:0.4130; Hongshao_rou/Hongshao_rou_0094.jpg:0.4073; Hongshao_rou/Hongshao_rou_0093.jpg:0.3775; Shuizhu/Shuizhu_0083.jpg:0.3294
Hoppin'_John/Hoppin'_John_0093.jpg,Hoppin'_John,"A plate of Hoppin' John mixing black-eyed peas, collard greens, tomatoes and bell peppers",Hoppin'_John/Hoppin'_John_0093.jpg,Hoppin'_John,"A plate of Hoppin' John mixing black-eyed peas, collard greens, tomatoes and bell peppers",1,1,Hoppin'_John/Hoppin'_John_0093.jpg,1,1,3.783028,0,0.000000,18.015795,18.015795,0.166190,0.000029,0.000074,0.166297,Hoppin'_John/Hoppin'_John_0093.jpg:18.0158; Hoppin'_John/Hoppin'_John_0087.jpg:14.2328; Hoppin'_John/Hoppin'_John_0096.jpg:13.3095; Hoppin'_John/Hoppin'_John_0091.jpg:13.1291; Stew_peas/Stew_peas_0085.jpg:12.6435
Hot_and_sour_soup/Hot_and_sour_soup_0097.jpg,Hot_and_sour_soup,"A bowl of appetizing hot and sour soup consisting of eggs, bamboo shots, tofu, wood ear fungus and shallot",Hot_and_sour_soup/Hot_and_sour_soup_0093.jpg,Hot_and_sour_soup,"A bowl full of Chinese hot and sour soup made with day lily buds, eggs, bamboo shots, tofu and wood ear fungus",0,1,Hot_and_sour_soup/Hot_and_sour_soup_0093.jpg,0,1,0.768152,1,0.428233,16.095192,0.428233,0.162005,0.590315,0.000154,0.752480,Hot_and_sour_soup/Hot_and_sour_soup_0093.jpg:0.4282; Doufunao/Doufunao_0096.jpg:0.4149; Hot_and_sour_soup/Hot_and_sour_soup_0097.jpg:0.4017; Hot_and_sour_soup/Hot_and_sour_soup_0094.jpg:0.3684; Hot_and_sour_soup/Hot_and_sour_soup_0085.jpg:0.3157
Huangqiao_sesame_cake/Huangqiao_Sesame_Cake_0286.jpg,Huangqiao_sesame_cake,Three round beige-colored crispy Huangqiao sesame cakes on the sheet,Red_bean_cake/Red_bean_cake_0094.jpg,Red_bean_cake,"The red bean cake, which is burnt yellow, is made of mashed red bean wrapped in flour and covered with white sesame seeds, it looks very fragrant.",0,0,Red_bean_cake/Red_bean_cake_0094.jpg,0,1,3.493843,0,0.000000,20.782093,20.782093,0.148693,0.000027,0.000075,0.148798,Red_bean_cake/Red_bean_cake_0094.jpg:20.7821; Red_bean_cake/Red_bean_cake_0085.jpg:17.2882; Huangqiao_sesame_cake/Huangqiao_Sesame_Cake_0225.jpg:17.0057; Huangqiao_sesame_cake/Huangqiao_Sesame_Cake_0266.jpg:16.9419; Huangqiao_sesame_cake/Huangqiao_Sesame_Cake_0286.jpg:15.9084
Huevos_rancheros/Huevos_rancheros_0100.jpg,Huevos_rancheros,"On the black plate is typical Huevos rancheros including tortilla, fried egg sunny side up, ground meat covered with salsa, cheese sauce and parsley",Huevos_rancheros/Huevos_rancheros_0100.jpg,Huevos_rancheros,"On the black plate is typical Huevos rancheros including tortilla, fried egg sunny side up, ground meat covered with salsa, cheese sauce and parsley",1,1,Huevos_rancheros/Huevos_rancheros_0084.jpg,0,1,1.737200,1,0.500000,11.476166,0.500000,0.160268,1.158090,0.000157,1.318520,Huevos_rancheros/Huevos_rancheros_0100.jpg:0.5000; Huevos_rancheros/Huevos_rancheros_0084.jpg:0.3576; Huevos_rancheros/Huevos_rancheros_0087.jpg:0.3259; Huevos_rancheros/Huevos_rancheros_0082.jpg:0.2798; Huevos_rancheros/Huevos_rancheros_0086.jpg:0.2783
Hummus/Hummus_0224.jpg,Hummus,"A teaspoon of tender Hummus filled with nutrients such as chickpeas, sesame and nuts dressed with a sprig of rosemary",Hummus/Hummus_0224.jpg,Hummus,"A teaspoon of tender Hummus filled with nutrients such as chickpeas, sesame and nuts dressed with a sprig of rosemary",1,1,Hummus/Hummus_0224.jpg,1,1,4.411671,0,0.000000,19.213274,19.213274,0.158450,0.000025,0.000069,0.158548,Hummus/Hummus_0224.jpg:19.2133; Hummus/Hummus_0205.jpg:14.8016; Aligot/Aligot_0100.jpg:13.7471; Hummus/Hummus_0167.jpg:13.3929; Doufunao/Doufunao_0098.jpg:13.3709
Israeli_salad/Israeli_salad_0099.jpg,Israeli_salad,"In the transparent bowl is Israeli salad consisting of broccoli, carrots, cherry tomatoes, couscous, spiral pasta, black olive, olive oil and lemon juice",Israeli_salad/Israeli_salad_0099.jpg,Israeli_salad,"In the transparent bowl is Israeli salad consisting of broccoli, carrots, cherry tomatoes, couscous, spiral pasta, black olive, olive oil and lemon juice",1,1,Israeli_salad/Israeli_salad_0099.jpg,1,1,0.582776,1,0.569853,13.154591,0.569853,0.153200,0.399157,0.000150,0.552513,Israeli_salad/Israeli_salad_0099.jpg:0.5699; Pasta/Pasta_0090.jpg:0.5039; Pasta/Pasta_0100.jpg:0.3702; Panzanella/Panzanella_0097.jpg:0.3107; Greek_salad/Greek_salad_0081.jpg:0.2767
Jajangmyeon/Jajangmyeon_0089.jpg,Jajangmyeon,"On a white plate with black spots, Jajangmyeon is already mixed, with some cucumber shreds on top.",Jajangmyeon/Jajangmyeon_0089.jpg,Jajangmyeon,"On a white plate with black spots, Jajangmyeon is already mixed, with some cucumber shreds on top.",1,1,Jajangmyeon/Jajangmyeon_0089.jpg,1,1,1.656957,1,0.642432,16.624966,0.642432,0.150082,1.035116,0.000146,1.185349,Jajangmyeon/Jajangmyeon_0089.jpg:0.6424; Jajangmyeon/Jajangmyeon_0083.jpg:0.5448; Lo_mein/Lo_mein_0095.jpg:0.5078; Lo_mein/Lo_mein_0097.jpg:0.4378; Jajangmyeon/Jajangmyeon_0087.jpg:0.3191
Jambalaya/Jambalaya_0091.jpg,Jambalaya,"Two plates of American dish Jambalaya with key ingredients of rice, shrimps, smoked sausages, garlic, celery, onions, tomatoes sprinkled with parsley",Jambalaya/Jambalaya_0091.jpg,Jambalaya,"Two plates of American dish Jambalaya with key ingredients of rice, shrimps, smoked sausages, garlic, celery, onions, tomatoes sprinkled with parsley",1,1,Jambalaya/Jambalaya_0087.jpg,0,1,2.189981,1,0.611382,11.843980,0.611382,0.150562,1.141006,0.000151,1.291724,Jambalaya/Jambalaya_0091.jpg:0.6114; Red_beans_and_rice/Red_beans_and_rice_0099.jpg:0.5583; Jambalaya/Jambalaya_0087.jpg:0.4805; Jambalaya/Jambalaya_0099.jpg:0.4244; Jambalaya/Jambalaya_0081.jpg:0.4017
Jambonneau/Jambonneau_0093.jpg,Jambonneau,"On the oval plate is Jambonneau is smoked pork in combination with diced carrots, celery, potatoes and broccoli puree",Jambonneau/Jambonneau_0093.jpg,Jambonneau,"On the oval plate is Jambonneau is smoked pork in combination with diced carrots, celery, potatoes and broccoli puree",1,1,Jambonneau/Jambonneau_0093.jpg,1,1,3.927076,0,0.000000,17.274130,17.274130,0.153332,0.000027,0.000072,0.153435,Jambonneau/Jambonneau_0093.jpg:17.2741; Jambonneau/Jambonneau_0081.jpg:13.3471; Jambonneau/Jambonneau_0089.jpg:11.2933; Rouladen/Rouladen_0083.jpg:11.1996; Pork_knuckle/Pork_knuckle_0096.jpg:11.1224
Japchae/Japchae_0082.jpg,Japchae,"In a green glass bowl, Japchae is stir-fried with leeks, carrots, mushrooms, and beef.",Japchae/Japchae_0098.jpg,Japchae,"In the square bowl is Japchae, a stir-fried mixture of glass noodles, spinach, carrots, beef, mushrooms and sesame",0,1,Japchae/Japchae_0082.jpg,1,1,1.437840,1,0.642432,16.701323,0.642432,0.160074,1.662630,0.000155,1.822864,Japchae/Japchae_0098.jpg:0.6424; Japchae/Japchae_0082.jpg:0.6243; Japchae/Japchae_0091.jpg:0.5908; Japchae/Japchae_0084.jpg:0.5137; Japchae/Japchae_0085.jpg:0.4130
Jiuniang/Jiuniang_0098.jpg,Jiuniang,A serve of delicious Jiuniang mixed with egg drop and Chinese wolfberry,Jiuniang/Jiuniang_0098.jpg,Jiuniang,A serve of delicious Jiuniang mixed with egg drop and Chinese wolfberry,1,1,Jiuniang/Jiuniang_0098.jpg,1,1,2.347052,1,0.386763,21.062759,0.386763,0.349975,3.098133,0.000165,3.448278,Jiuniang/Jiuniang_0098.jpg:0.3868; Jiuniang/Jiuniang_0095.jpg:0.3666; Jiuniang/Jiuniang_0099.jpg:0.3090; Jiuniang/Jiuniang_0092.jpg:0.2613; Jiuniang/Jiuniang_0089.jpg:0.2613
Kachori/Kachori_0092.jpg,Kachori,"On the square plate is spicy Indian snack Kachori filled with yellow moong dal, besan flour, pepper, chili powder, cumin seeds served with chutney, ketchup and a cup of milk tea on the side",Kachori/Kachori_0092.jpg,Kachori,"On the square plate is spicy Indian snack Kachori filled with yellow moong dal, besan flour, pepper, chili powder, cumin seeds served with chutney, ketchup and a cup of milk tea on the side",1,1,Kachori/Kachori_0092.jpg,1,1,1.426619,1,0.679179,17.231651,0.679179,0.153151,0.640971,0.000152,0.794279,Kachori/Kachori_0092.jpg:0.6792; Kachori/Kachori_0089.jpg:0.6370; Kachori/Kachori_0087.jpg:0.5098; Kachori/Kachori_0093.jpg:0.4941; Kachori/Kachori_0096.jpg:0.4668
Kadhi/Kadhi_0095.jpg,Kadhi,Lime-green Kadhi that uses yogurt as a base with thick consistency drizzled with curry leaves,Raita/Raita_0095.jpg,Raita,"The raita is very healthy with green melon and coriander leaves, and a few black sesame seeds.",0,0,Kadhi/Kadhi_0095.jpg,1,1,2.957705,1,0.445530,12.379755,0.445530,0.155538,0.403911,0.000153,0.559608,Raita/Raita_0095.jpg:0.4455; Kadhi/Kadhi_0095.jpg:0.4378; Raita/Raita_0087.jpg:0.3416; Kadhi/Kadhi_0089.jpg:0.3363; Raita/Raita_0088.jpg:0.3057
Katsudon/Katsudon_0089.jpg,Katsudon,"On the red and white checkered tablecloth is a bowl of Katsudon with plenty of eggs and onions, sprinkled with some scallions.",Katsudon/Katsudon_0089.jpg,Katsudon,"On the red and white checkered tablecloth is a bowl of Katsudon with plenty of eggs and onions, sprinkled with some scallions.",1,1,Katsudon/Katsudon_0089.jpg,1,1,3.307775,0,0.000000,20.163799,20.163799,0.160419,0.000025,0.000067,0.160515,Katsudon/Katsudon_0089.jpg:20.1638; Katsudon/Katsudon_0098.jpg:16.8560; Katsudon/Katsudon_0095.jpg:16.0513; Katsudon/Katsudon_0097.jpg:14.7396; Katsudon/Katsudon_0082.jpg:13.6058
Kedgeree/Kedgeree_0093.jpg,Kedgeree,"A pan of beige Kedgeree mixing hard-boiled eggs, smoky fish, spicy rice drizzled with coriander",Kedgeree/Kedgeree_0084.jpg,Kedgeree,"Kedgeree, fried with chicken, peas, leeks, and rice, is served on a large black plate with some boiled eggs on top.",0,1,Kedgeree/Kedgeree_0092.jpg,0,1,0.477885,1,0.501953,15.406498,0.501953,0.159339,1.705882,0.000152,1.865378,Kedgeree/Kedgeree_0084.jpg:0.5020; Kedgeree/Kedgeree_0098.jpg:0.4591; Kedgeree/Kedgeree_0092.jpg:0.4282; Kedgeree/Kedgeree_0093.jpg:0.4149; Kedgeree/Kedgeree_0083.jpg:0.2991
Key_lime_pie/Key_lime_pie_0094.jpg,Key_lime_pie,lime put on checkered cloth next to a share of a key lime pie with lime on top as garnish,Key_lime_pie/Key_lime_pie_0109.jpg,Key_lime_pie,a white plate contained a piece of key lime pie which is decorated with several lumps of white cream and shreds of green lime skin,0,1,Key_lime_pie/Key_lime_pie_0109.jpg,0,0,1.144804,1,0.638835,15.872751,0.638835,0.146422,0.424768,0.000146,0.571341,Key_lime_pie/Key_lime_pie_0109.jpg:0.6388; Key_lime_pie/Key_lime_pie_0102.jpg:0.5487; Key_lime_pie/Key_lime_pie_0105.jpg:0.4187; Key_lime_pie/Key_lime_pie_0091.jpg:0.4130; Cream_pie/Cream_pie_0093.jpg:0.3469
Konnyaku/Konnyaku_0106.jpg,Konnyaku,a raw konnyaku piece in brown color and square shape is placed on a white plate,Konnyaku/Konnyaku_0106.jpg,Konnyaku,a raw konnyaku piece in brown color and square shape is placed on a white plate,1,1,Konnyaku/Konnyaku_0106.jpg,1,1,9.909956,0,0.000000,25.153250,25.153250,0.162388,0.000030,0.000075,0.162498,Konnyaku/Konnyaku_0106.jpg:25.1532; Huangqiao_sesame_cake/Huangqiao_Sesame_Cake_0225.jpg:15.2433; Konnyaku/Konnyaku_0102.jpg:14.0516; Rice_cakes/Rice_cakes_0090.jpg:13.8010; Red_bean_cake/Red_bean_cake_0086.jpg:13.3689
Kung_Pao_chicken/Kung_Pao_chicken_0103.jpg,Kung_Pao_chicken,"chopped onions, chicken carrots, parsleys, and mushrooms fried together to make a serving of kung pao chicken",Kung_Pao_chicken/Kung_Pao_chicken_0103.jpg,Kung_Pao_chicken,"chopped onions, chicken carrots, parsleys, and mushrooms fried together to make a serving of kung pao chicken",1,1,Kung_Pao_chicken/Kung_Pao_chicken_0103.jpg,1,1,3.665855,0,0.000000,18.577188,18.577188,0.155709,0.000024,0.000066,0.155803,Kung_Pao_chicken/Kung_Pao_chicken_0103.jpg:18.5772; Kung_Pao_chicken/Kung_Pao_chicken_0101.jpg:14.9113; Kung_Pao_chicken/Kung_Pao_chicken_0095.jpg:14.4299; Andong_jjimdak/Andong_jjimdak_0082.jpg:14.2397; Kung_Pao_chicken/Kung_Pao_chicken_0104.jpg:13.8918
Kwetiau_goreng/Kwetiau_goreng_0102.jpg,Kwetiau_goreng,a portion of kwetiau goreng that is fried with cut Chinese cabbages is seemed so soft and wet,Beef_chow_fun/Beef_chow_fun_0083.jpg,Beef_chow_fun,beef chow fun consisted of diced beef stir-frying with wide hor fun and bean sprouts.,0,0,Kwetiau_goreng/Kwetiau_goreng_0092.jpg,0,1,0.015572,1,0.492188,14.042571,0.492188,0.167286,1.103768,0.000150,1.271211,Beef_chow_fun/Beef_chow_fun_0083.jpg:0.4922; Kwetiau_goreng/Kwetiau_goreng_0092.jpg:0.3540; Kwetiau_goreng/Kwetiau_goreng_0095.jpg:0.3486; Kwetiau_goreng/Kwetiau_goreng_0093.jpg:0.3469; Kwetiau_goreng/Kwetiau_goreng_0102.jpg:0.2926
Laksa/Laksa_0095.jpg,Laksa,chopped red pepper and shallot and minced pork in two shares of laksa with thick broth,Laksa/Laksa_0095.jpg,Laksa,chopped red pepper and shallot and minced pork in two shares of laksa with thick broth,1,1,Laksa/Laksa_0095.jpg,1,1,3.684726,0,0.000000,18.298180,18.298180,0.179137,0.000027,0.000072,0.179239,Laksa/Laksa_0095.jpg:18.2982; Sardine/Sardine_0088.jpg:14.6135; Laksa/Laksa_0093.jpg:14.5984; Laksa/Laksa_0091.jpg:14.1163; Cebolada/Cebolada_0100.jpg:12.8031
Lamb_chop/Lamb_chop_0105.jpg,Lamb_chop,lamp chops coated in lots of thick brown sauce are served with steamed rice. There are some chopped dry shallots scattered on the top,Lamb_chop/Lamb_chop_0105.jpg,Lamb_chop,lamp chops coated in lots of thick brown sauce are served with steamed rice. There are some chopped dry shallots scattered on the top,1,1,Lamb_chop/Lamb_chop_0105.jpg,1,1,8.757947,0,0.000000,19.936668,19.936668,0.142881,0.000027,0.000073,0.142984,Lamb_chop/Lamb_chop_0105.jpg:19.9367; Pork_ribs/Pork_ribs_0093.jpg:11.1787; Mongolian_beef/Mongolian_beef_0092.jpg:11.1307; Mongolian_beef/Mongolian_beef_0089.jpg:9.3785; Lamb_chop/Lamb_chop_0094.jpg:9.2191
Lasagna/Lasagna_0101.jpg,Lasagna,a roll of lasagna is placed on a large plate. It is dressed in ketchup to make it red and wet.,Lasagna/Lasagna_0101.jpg,Lasagna,a roll of lasagna is placed on a large plate. It is dressed in ketchup to make it red and wet.,1,1,Lasagna/Lasagna_0101.jpg,1,1,4.629922,0,0.000000,14.089862,14.089862,0.145239,0.000025,0.000064,0.145332,Lasagna/Lasagna_0101.jpg:14.0899; Lasagna/Lasagna_0092.jpg:9.4599; Paupiette/Paupiette_0097.jpg:8.6050; Paupiette/Paupiette_0111.jpg:8.2180; Cheese_maki/Cheese_maki_0099.jpg:7.6820
Lebkuchen/Lebkuchen_0093.jpg,Lebkuchen,"red heart-shaped lebkuchens with cream-made edges, and pink and green cream on top as garnish",Lebkuchen/Lebkuchen_0092.jpg,Lebkuchen,a tray of lebkuchens in heart shape and carved with different patterns,0,1,Lebkuchen/Lebkuchen_0093.jpg,1,1,1.020382,1,0.503906,12.067376,0.503906,0.149846,0.752661,0.000154,0.902667,Lebkuchen/Lebkuchen_0092.jpg:0.5039; Lebkuchen/Lebkuchen_0093.jpg:0.4552; Lebkuchen/Lebkuchen_0104.jpg:0.4206; Lebkuchen/Lebkuchen_0091.jpg:0.3757; Lebkuchen/Lebkuchen_0102.jpg:0.3208
Lemon_chicken/Lemon_chicken_0160.jpg,Lemon_chicken,lemon chicken with chopped spring onion on top as garnish in a black iron pot,Lemon_chicken/Lemon_chicken_0160.jpg,Lemon_chicken,lemon chicken with chopped spring onion on top as garnish in a black iron pot,1,1,Lemon_chicken/Lemon_chicken_0160.jpg,1,1,2.943015,1,0.603932,13.641900,0.603932,0.147070,0.568190,0.000151,0.715417,Lemon_chicken/Lemon_chicken_0160.jpg:0.6039; Lemon_chicken/Lemon_chicken_0157.jpg:0.5156; Lemon_chicken/Lemon_chicken_0168.jpg:0.3942; Lemon_chicken/Lemon_chicken_0169.jpg:0.3794; Lemon_chicken/Lemon_chicken_0156.jpg:0.3024
Lemon_meringue_pie/Lemon_meringue_pie_0106.jpg,Lemon_meringue_pie,"lots of fresh fruits such as blueberries, strawberries, and kiwis are placed on the top of a small lemon meringue pie",Lemon_meringue_pie/Lemon_meringue_pie_0106.jpg,Lemon_meringue_pie,"lots of fresh fruits such as blueberries, strawberries, and kiwis are placed on the top of a small lemon meringue pie",1,1,Lemon_meringue_pie/Lemon_meringue_pie_0106.jpg,1,1,5.146517,0,0.000000,13.675899,13.675899,0.160744,0.000026,0.000068,0.160841,Lemon_meringue_pie/Lemon_meringue_pie_0106.jpg:13.6759; Fruit_curd/Fruit_curd_0094.jpg:8.5294; Cream_pie/Cream_pie_0090.jpg:8.1288; Lemon_tart/Lemon_tart_0093.jpg:7.0260; Ambrosia_(fruit_salad)/Ambrosia_(fruit_salad)_0098.jpg:6.3803
Lemon_tart/Lemon_tart_0096.jpg,Lemon_tart,a well-baked lemon tart with a thin crust at the bottom and some lemon shreds on top,Lemon_tart/Lemon_tart_0102.jpg,Lemon_tart,a round lemon tart that consists of a spongy base and a yellow jelly top is placed on a serving plate,0,1,Lemon_tart/Lemon_tart_0102.jpg,0,1,1.699727,1,0.586996,14.816596,0.586996,0.311148,2.987603,0.000109,3.298865,Lemon_tart/Lemon_tart_0102.jpg:0.5870; Lemon_tart/Lemon_tart_0096.jpg:0.5775; Butter_pie/Butter_pie_0086.jpg:0.4263; Butter_pie/Butter_pie_0098.jpg:0.4073; Shaker_Lemon_Pie/Shaker_Lemon_Pie_0084.jpg:0.2351
Lentil_soup/Lentil_soup_0105.jpg,Lentil_soup,muddy coup made of minced lentils is contained in a ceramic rectangular bowl,Lentil_soup/Lentil_soup_0108.jpg,Lentil_soup,"a bowl of clear soup that is full of solid materials such as lentils, green beans, peanuts, and so on.",0,1,Lentil_soup/Lentil_soup_0108.jpg,0,0,4.229283,0,0.000000,18.390518,18.390518,0.156023,0.000028,0.000074,0.156127,Lentil_soup/Lentil_soup_0108.jpg:18.3905; Hongshao_rou/Hongshao_rou_0081.jpg:14.1612; Pig's_organ_soup/Pig's_organ_soup_0089.jpg:13.8529; Pig's_organ_soup/Pig's_organ_soup_0088.jpg:13.5202; Pig's_organ_soup/Pig's_organ_soup_0098.jpg:13.4282
Lettuce_soup/Lettuce_soup_0096.jpg,Lettuce_soup,one share of lettuce soup with mashed green vegetable inside and a bluebell aside,Lettuce_soup/Lettuce_soup_0102.jpg,Lettuce_soup,a portion of lettuce soup that is green color is contained in a fine cup,0,1,Lettuce_soup/Lettuce_soup_0102.jpg,0,0,0.283537,1,0.525369,16.803085,0.525369,0.156290,0.423297,0.000144,0.579736,Lettuce_soup/Lettuce_soup_0102.jpg:0.5254; Lettuce_soup/Lettuce_soup_0101.jpg:0.5234; Cream_of_broccoli_soup/Cream_of_broccoli_soup_0088.jpg:0.4688; Cream_of_broccoli_soup/Cream_of_broccoli_soup_0090.jpg:0.4130; Lettuce_soup/Lettuce_soup_0106.jpg:0.3294
Lo_mein/Lo_mein_0084.jpg,Lo_mein,"chopped mushroom, a lime wedge, red pepper and coriander in lo mein with additional cut lime and chillies aside",Lo_mein/Lo_mein_0084.jpg,Lo_mein,"chopped mushroom, a lime wedge, red pepper and coriander in lo mein with additional cut lime and chillies aside",1,1,Pho/Pho_0091.jpg,0,1,1.853464,1,0.546738,19.845505,0.546738,0.148060,0.549976,0.000144,0.698185,Lo_mein/Lo_mein_0084.jpg:0.5467; Pho/Pho_0091.jpg:0.5000; Pho/Pho_0085.jpg:0.4552; Ramen/Ramen_0100.jpg:0.3923; Pho/Pho_0096.jpg:0.3720
Lobster_bisque/Lobster_bisque_0099.jpg,Lobster_bisque,"there is a plate of muddy lobster bisque dressed with coriander leaves, and some boiled lobster meat on a green cloth",Lobster_bisque/Lobster_bisque_0099.jpg,Lobster_bisque,"there is a plate of muddy lobster bisque dressed with coriander leaves, and some boiled lobster meat on a green cloth",1,1,Lobster_bisque/Lobster_bisque_0099.jpg,1,1,0.559589,1,0.729520,16.930124,0.729520,0.148156,1.110037,0.000138,1.258336,Lobster_bisque/Lobster_bisque_0099.jpg:0.7295; Lobster_bisque/Lobster_bisque_0087.jpg:0.6706; Lobster_bisque/Lobster_bisque_0090.jpg:0.6352; Lobster_bisque/Lobster_bisque_0089.jpg:0.6151; Lobster_bisque/Lobster_bisque_0097.jpg:0.4130
Lohikeitto/Lohikeitto_0095.jpg,Lohikeitto,"Many pieces of white tofu and some pieces of salmon soaked in milky white soup, with a chive on it, and put in a stainless steel pot with a handle.",Lohikeitto/Lohikeitto_0095.jpg,Lohikeitto,"Many pieces of white tofu and some pieces of salmon soaked in milky white soup, with a chive on it, and put in a stainless steel pot with a handle.",1,1,Fish_head_casserole/Fish_head_casserole_0088.jpg,0,1,1.419819,1,0.738669,18.022682,0.738669,0.223019,1.960158,0.000197,2.183380,Lohikeitto/Lohikeitto_0095.jpg:0.7387; Fish_head_casserole/Fish_head_casserole_0088.jpg:0.5525; Lohikeitto/Lohikeitto_0091.jpg:0.5059; Fish_head_casserole/Fish_head_casserole_0090.jpg:0.4455; Lohikeitto/Lohikeitto_0081.jpg:0.4321
Macaron/Macaron_0094.jpg,Macaron,Round macarons of four colors placed on many small black paper holders.,Macaron/Macaron_0094.jpg,Macaron,Round macarons of four colors placed on many small black paper holders.,1,1,Macaron/Macaron_0084.jpg,0,1,0.052402,1,0.656658,13.997224,0.656658,0.150766,0.829630,0.000158,0.980558,Macaron/Macaron_0094.jpg:0.6567; Macaron/Macaron_0092.jpg:0.5870; Macaron/Macaron_0084.jpg:0.5487; Macaron/Macaron_0085.jpg:0.4805; Macaron/Macaron_0091.jpg:0.4552
Mango_pomelo_sago/Mango_pomelo_sago_0093.jpg,Mango_pomelo_sago,Two portions of mango pomelo sago put in two high transparent glasses on two patterned white coasters.,Mango_pomelo_sago/Mango_pomelo_sago_0085.jpg,Mango_pomelo_sago,"A bowl of smooth mango pomelo sago with diced mango, and shredded pomelo on top of the yellow cream and sago.",0,1,Mango_pomelo_sago/Mango_pomelo_sago_0085.jpg,0,0,0.313604,1,0.777300,19.934332,0.777300,0.166286,1.662280,0.000150,1.828723,Mango_pomelo_sago/Mango_pomelo_sago_0085.jpg:0.7773; Mango_pomelo_sago/Mango_pomelo_sago_0083.jpg:0.7773; Mango_pomelo_sago/Mango_pomelo_sago_0081.jpg:0.7341; Mango_pomelo_sago/Mango_pomelo_sago_0082.jpg:0.7280; Mango_pomelo_sago/Mango_pomelo_sago_0098.jpg:0.6758
Mango_pudding/Mango_pudding_0100.jpg,Mango_pudding,"A glass of mango pudding with two basil leaves, a can and a red spoon on a yellow handkerchief.",Mango_pudding/Mango_pudding_0100.jpg,Mango_pudding,"A glass of mango pudding with two basil leaves, a can and a red spoon on a yellow handkerchief.",1,1,Mango_pudding/Mango_pudding_0100.jpg,1,1,5.988909,0,0.000000,19.225061,19.225061,0.157746,0.000024,0.000065,0.157838,Mango_pudding/Mango_pudding_0100.jpg:19.2251; Mango_pudding/Mango_pudding_0094.jpg:13.2362; Fruit_curd/Fruit_curd_0092.jpg:12.8637; Mango_pudding/Mango_pudding_0097.jpg:11.1305; Mango_pudding/Mango_pudding_0092.jpg:10.9659
Mapo_doufu/Mapo_doufu_0084.jpg,Mapo_doufu,"A bowl of red hot mapo doufu with minced meat, diced doufu, chopped spring onion, and hot chili seeds.",Mapo_doufu/Mapo_doufu_0084.jpg,Mapo_doufu,"A bowl of red hot mapo doufu with minced meat, diced doufu, chopped spring onion, and hot chili seeds.",1,1,Mapo_doufu/Mapo_doufu_0081.jpg,0,1,1.182414,1,0.564098,15.912093,0.564098,0.151527,0.850523,0.000153,1.002208,Mapo_doufu/Mapo_doufu_0084.jpg:0.5641; Mapo_doufu/Mapo_doufu_0081.jpg:0.5156; Mapo_doufu/Mapo_doufu_0094.jpg:0.4455; Mapo_doufu/Mapo_doufu_0095.jpg:0.4206; Shuizhu/Shuizhu_0094.jpg:0.3612
Meatloaf/Meatloaf_0097.jpg,Meatloaf,"Two dark brown meatloaves dipped in dark brown sauce, some corn kernels, a broccoli and a small piece of salmon on a white plate.",Meatloaf/Meatloaf_0097.jpg,Meatloaf,"Two dark brown meatloaves dipped in dark brown sauce, some corn kernels, a broccoli and a small piece of salmon on a white plate.",1,1,Pork_ball/Pork_ball_0085.jpg,0,1,0.150631,1,0.744656,10.094012,0.744656,0.148027,0.846079,0.000157,0.994269,Meatloaf/Meatloaf_0097.jpg:0.7447; Steamed_meatball/Steamed_meatball_0092.jpg:0.4727; Cotoletta/Cotoletta_0084.jpg:0.3451; Pork_ball/Pork_ball_0085.jpg:0.2830; Wotou/Wotou_0108.jpg:0.2613
Mee_pok/Mee_pok_0093.jpg,Mee_pok,"Beside a bowl of mee pok, there is a small bowl of chili oil and a bowl of clear soup with a spoon,",Hae_mee/Hae_mee_0092.jpg,Hae_mee,"A green bowl holds a serving of hae mee, contains udon noodles, lean meat, shrimp, bean sprouts, egg, and water. And a small dish of red sauce next to them.",0,0,Mee_pok/Mee_pok_0093.jpg,1,1,2.604067,1,0.531209,14.401987,0.531209,0.145248,0.450294,0.000149,0.595696,Hae_mee/Hae_mee_0092.jpg:0.5312; Hokkien_mee/Hokkien_mee_0095.jpg:0.5254; Mee_pok/Mee_pok_0093.jpg:0.5176; Hae_mee/Hae_mee_0098.jpg:0.5020; Mee_pok/Mee_pok_0085.jpg:0.4902
Mee_siam/Mee_siam_0090.jpg,Mee_siam,"A plate of mee siam with shelled shrimp, shredded red pepper, bean sprouts, lettuce, and chopped spring onion on top.",Mee_siam/Mee_siam_0090.jpg,Mee_siam,"A plate of mee siam with shelled shrimp, shredded red pepper, bean sprouts, lettuce, and chopped spring onion on top.",1,1,Mee_siam/Mee_siam_0090.jpg,1,1,1.070257,1,0.635222,11.471908,0.635222,0.147033,0.895885,0.000151,1.043074,Mee_siam/Mee_siam_0090.jpg:0.6352; Fried_noodles/Fried_noodles_0099.jpg:0.3057; Green_papaya_salad/Green_papaya_salad_0083.jpg:0.3007; Scampi/Scampi_0094.jpg:0.2583; Soba/Soba_0087.jpg:0.2282
Melt_sandwich/Melt_sandwich_0085.jpg,Melt_sandwich,"A toasted melt sandwich served with melted cheese, red sauce, bacon, cauliflower in between, and some arugula on the side.",Melt_sandwich/Melt_sandwich_0085.jpg,Melt_sandwich,"A toasted melt sandwich served with melted cheese, red sauce, bacon, cauliflower in between, and some arugula on the side.",1,1,Melt_sandwich/Melt_sandwich_0085.jpg,1,1,6.851380,0,0.000000,16.772333,16.772333,0.148471,0.000033,0.000078,0.148587,Melt_sandwich/Melt_sandwich_0085.jpg:16.7723; Ham_and_cheese_sandwich/Ham_and_cheese_sandwich_0081.jpg:9.9210; Melt_sandwich/Melt_sandwich_0098.jpg:9.2991; Melt_sandwich/Melt_sandwich_0081.jpg:8.9915; Melt_sandwich/Melt_sandwich_0084.jpg:8.8319
Michigan_hot_dog/Michigan_hot_dog_0099.jpg,Michigan_hot_dog,"A Michigan hot dog coated with yellow cheese in a carton, and an empty carton placed in a red plastic frame.",Michigan_hot_dog/Michigan_hot_dog_0099.jpg,Michigan_hot_dog,"A Michigan hot dog coated with yellow cheese in a carton, and an empty carton placed in a red plastic frame.",1,1,Michigan_hot_dog/Michigan_hot_dog_0099.jpg,1,1,2.269047,1,0.464902,15.647485,0.464902,0.144446,0.845926,0.000143,0.990520,Michigan_hot_dog/Michigan_hot_dog_0099.jpg:0.4649; Michigan_hot_dog/Michigan_hot_dog_0093.jpg:0.3998; Michigan_hot_dog/Michigan_hot_dog_0091.jpg:0.3757; Michigan_hot_dog/Michigan_hot_dog_0083.jpg:0.3504; Michigan_hot_dog/Michigan_hot_dog_0084.jpg:0.3346
Mie_goreng/Mie_goreng_0081.jpg,Mie_goreng,"A plate of mie goreng with celery, sliced cucumber, parsley, and stir-fried noodles served with a spoon and a fork.",Mie_goreng/Mie_goreng_0081.jpg,Mie_goreng,"A plate of mie goreng with celery, sliced cucumber, parsley, and stir-fried noodles served with a spoon and a fork.",1,1,Mie_goreng/Mie_goreng_0094.jpg,0,1,2.993278,1,0.519521,14.615729,0.519521,0.175005,1.735728,0.000151,1.910890,Mie_goreng/Mie_goreng_0081.jpg:0.5195; Chow_mein/Chow_mein_0093.jpg:0.3702; Mie_goreng/Mie_goreng_0094.jpg:0.3346; Mie_goreng/Mie_goreng_0091.jpg:0.3311; Mie_goreng/Mie_goreng_0084.jpg:0.3191
Minestrone/Minestrone_0090.jpg,Minestrone,"A bowl of minestrone with yellow beans, corn kernels, diced carrots, diced sausage, and sprinkled with cheese powder.",Lentil_soup/Lentil_soup_0091.jpg,Lentil_soup,a bowl of lentil soup with small tomato chunks inside,0,0,Lentil_soup/Lentil_soup_0091.jpg,0,1,2.320484,1,0.573678,14.765352,0.573678,0.380637,3.258319,0.000146,3.639108,Lentil_soup/Lentil_soup_0091.jpg:0.5737; Lentil_soup/Lentil_soup_0103.jpg:0.5117; Minestrone/Minestrone_0090.jpg:0.5020; Cabbage_soup/Cabbage_soup_0094.jpg:0.4863; Cassoulet/Cassoulet_0092.jpg:0.4168
Mirchi_ka_salan/Mirchi_ka_salan_0086.jpg,Mirchi_ka_salan,Oily Mirchi ka salan with large fried mild green chilis wrapped in green spices sauce.,Mirchi_ka_salan/Mirchi_ka_salan_0100.jpg,Mirchi_ka_salan,A large bowl of mirchi ka salan with many green peppers covered with gray sauce.,0,1,Mirchi_ka_salan/Mirchi_ka_salan_0091.jpg,0,1,0.128332,1,0.329392,16.353029,0.329392,0.144131,0.413730,0.000153,0.558020,Mirchi_ka_salan/Mirchi_ka_salan_0100.jpg:0.3294; Mutton_korma/Mutton_korma_0095.jpg:0.3141; Mirchi_ka_salan/Mirchi_ka_salan_0081.jpg:0.3107; Mirchi_ka_salan/Mirchi_ka_salan_0091.jpg:0.3057; Mirchi_ka_salan/Mirchi_ka_salan_0086.jpg:0.2846
Mission_burrito/Mission_burrito_0089.jpg,Mission_burrito,"Several loaves of Mission burrito with shredded lettuce, sour cream, bell peppers, shredded carrots, and shredded beef.",Burrito/Burrito_0092.jpg,Burrito,Three burritos filled with meat and cheese stacked up one by one,0,0,Mission_burrito/Mission_burrito_0089.jpg,1,1,0.967345,1,0.476580,13.094389,0.476580,0.238818,2.082196,0.000149,2.321168,Burrito/Burrito_0092.jpg:0.4766; Mission_burrito/Mission_burrito_0089.jpg:0.4727; Burrito/Burrito_0084.jpg:0.4263; Mission_burrito/Mission_burrito_0086.jpg:0.4168; Mission_burrito/Mission_burrito_0081.jpg:0.3831
Mozzarella_sticks/Mozzarella_sticks_0092.jpg,Mozzarella_sticks,Several mozzarella sticks and french fries placed in a rectangular box with a small bowl of ketchup beside it.,Mozzarella_sticks/Mozzarella_sticks_0092.jpg,Mozzarella_sticks,Several mozzarella sticks and french fries placed in a rectangular box with a small bowl of ketchup beside it.,1,1,Mozzarella_sticks/Mozzarella_sticks_0092.jpg,1,1,4.969536,0,0.000000,14.738372,14.738372,0.154198,0.000028,0.000072,0.154301,Mozzarella_sticks/Mozzarella_sticks_0092.jpg:14.7384; Mozzarella_sticks/Mozzarella_sticks_0089.jpg:9.7688; Mozzarella_sticks/Mozzarella_sticks_0093.jpg:9.1296; Mozzarella_sticks/Mozzarella_sticks_0084.jpg:9.0897; Mozzarella_sticks/Mozzarella_sticks_0083.jpg:8.9135
Mushroom_gravy/Mushroom_gravy_0054.jpg,Mushroom_gravy,A plate of mushroom gravy poured over grilled chicken breasts,Mushroom_gravy/Mushroom_gravy_0054.jpg,Mushroom_gravy,A plate of mushroom gravy poured over grilled chicken breasts,1,1,Chicken_marsala/Chicken_marsala_0083.jpg,0,1,0.130537,1,0.603932,15.080659,0.603932,0.147378,1.576665,0.000145,1.724193,Mushroom_gravy/Mushroom_gravy_0054.jpg:0.6039; Chicken_marsala/Chicken_marsala_0083.jpg:0.4785; Chicken_marsala/Chicken_marsala_0091.jpg:0.4149; Chicken_marsala/Chicken_marsala_0093.jpg:0.3702; Sauteed_mushrooms/Sauteed_mushrooms_0091.jpg:0.2991
Mutton_korma/Mutton_korma_0095.jpg,Mutton_korma,Mutton korma wrapped in sauce soaked in a soup filled with oil.,Mutton_korma/Mutton_korma_0092.jpg,Mutton_korma,A plate of mutton korma in a rich sauce with large chunks of lamb.,0,1,Mutton_korma/Mutton_korma_0092.jpg,0,1,0.674217,1,0.616936,17.311045,0.616936,0.158390,1.625077,0.000143,1.783616,Mutton_korma/Mutton_korma_0092.jpg:0.6169; Rogan_josh/Rogan_josh_0091.jpg:0.5215; Mutton_korma/Mutton_korma_0095.jpg:0.5020; Mutton_handi/Mutton_handi_0097.jpg:0.4902; Mutton_korma/Mutton_korma_0087.jpg:0.4668
Nachos/Nachos_0099.jpg,Nachos,A slice of crispy nachos dipped in a yellow sauce.,Nachos/Nachos_0099.jpg,Nachos,A slice of crispy nachos dipped in a yellow sauce.,1,1,Nachos/Nachos_0099.jpg,1,1,2.951079,1,0.457137,16.394377,0.457137,0.198013,1.851019,0.000149,2.049186,Nachos/Nachos_0099.jpg:0.4571; Cheese_fries/Cheese_fries_0084.jpg:0.3329; Cheese_fries/Cheese_fries_0098.jpg:0.2942; Corn_chip/Corn_chip_0091.jpg:0.2674; Fondue/Fondue_0096.jpg:0.2393
Naengmyeon/Naengmyeon_0091.jpg,Naengmyeon,A portion of naengmyeon in a glass bowl with a slice of beef and half an egg.,Naengmyeon/Naengmyeon_0091.jpg,Naengmyeon,A portion of naengmyeon in a glass bowl with a slice of beef and half an egg.,1,1,Naengmyeon/Naengmyeon_0089.jpg,0,1,0.072823,1,0.720172,16.007313,0.720172,0.148533,0.859705,0.000152,1.008395,Naengmyeon/Naengmyeon_0091.jpg:0.7202; Naengmyeon/Naengmyeon_0081.jpg:0.7106; Naengmyeon/Naengmyeon_0097.jpg:0.6602; Naengmyeon/Naengmyeon_0089.jpg:0.6188; Naengmyeon/Naengmyeon_0093.jpg:0.4340
Nasi_goreng/Nasi_goreng_0091.jpg,Nasi_goreng,A nasi goreng covered with a fried egg on top of two meat skewers next to it.,Nasi_goreng/Nasi_goreng_0091.jpg,Nasi_goreng,A nasi goreng covered with a fried egg on top of two meat skewers next to it.,1,1,Nasi_goreng/Nasi_goreng_0091.jpg,1,1,4.212946,0,0.000000,18.697674,18.697674,0.160359,0.000024,0.000088,0.160475,Nasi_goreng/Nasi_goreng_0091.jpg:18.6977; Nasi_goreng/Nasi_goreng_0099.jpg:14.4847; Nasi_goreng/Nasi_goreng_0093.jpg:14.3316; Gulai_Ayam/Gulai_Ayam_0091.jpg:13.5701; Nasi_goreng/Nasi_goreng_0089.jpg:13.1994
Nasi_kuning/Nasi_kuning_0092.jpg,Nasi_kuning,A plate of conical nasi kuning was placed on a black plate.,Nasi_kuning/Nasi_kuning_0092.jpg,Nasi_kuning,A plate of conical nasi kuning was placed on a black plate.,1,1,Nasi_kuning/Nasi_kuning_0092.jpg,1,1,5.874341,0,0.000000,20.989681,20.989681,0.150712,0.000024,0.000064,0.150803,Nasi_kuning/Nasi_kuning_0092.jpg:20.9897; Nasi_kuning/Nasi_kuning_0114.jpg:15.1153; Nasi_kuning/Nasi_kuning_0081.jpg:14.5740; Nasi_kuning/Nasi_kuning_0091.jpg:14.3161; Ayam_goreng/Ayam_goreng_0086.jpg:13.8778
Nasi_liwet/Nasi_liwet_0096.jpg,Nasi_liwet,Nasi liwet wrapped in banana leaves with omelets and kebabs.,Nasi_liwet/Nasi_liwet_0100.jpg,Nasi_liwet,Nasi liwet is rich in ingredients placed on a plate made of green leaves.,0,1,Nasi_liwet/Nasi_liwet_0096.jpg,1,1,1.832890,1,0.556400,14.255550,0.556400,0.148795,0.426732,0.000148,0.575680,Nasi_liwet/Nasi_liwet_0100.jpg:0.5564; Nasi_liwet/Nasi_liwet_0096.jpg:0.5312; Nasi_liwet/Nasi_liwet_0088.jpg:0.4980; Nasi_liwet/Nasi_liwet_0095.jpg:0.3648; Nasi_liwet/Nasi_liwet_0092.jpg:0.3346
Nuomici/Nuomici_0096.jpg,Nuomici,Five purple nuomici there is a layer of coconut on the surface.,Nuomici/Nuomici_0096.jpg,Nuomici,Five purple nuomici there is a layer of coconut on the surface.,1,1,Nuomici/Nuomici_0096.jpg,1,1,8.525322,0,0.000000,19.653288,19.653288,0.152893,0.000027,0.000071,0.152995,Nuomici/Nuomici_0096.jpg:19.6533; Nuomici/Nuomici_0091.jpg:11.1280; Nuomici/Nuomici_0081.jpg:9.9109; Taro_dumpling/Taro_dumpling_0082.jpg:9.8832; Taro_dumpling/Taro_dumpling_0089.jpg:9.7017
Okinawa_soba/Okinawa_soba_0090.jpg,Okinawa_soba,"In the round bowl is a portion of Okinawa soba topped with ribs, fish cake slices, shredded pickled ginger and chopped scallions",Okinawa_soba/Okinawa_soba_0090.jpg,Okinawa_soba,"In the round bowl is a portion of Okinawa soba topped with ribs, fish cake slices, shredded pickled ginger and chopped scallions",1,1,Okinawa_soba/Okinawa_soba_0090.jpg,1,1,0.875952,1,0.468791,18.003799,0.468791,0.161054,0.941839,0.000151,1.103050,Okinawa_soba/Okinawa_soba_0090.jpg:0.4688; Okinawa_soba/Okinawa_soba_0081.jpg:0.4571; Okinawa_soba/Okinawa_soba_0092.jpg:0.4168; Okinawa_soba/Okinawa_soba_0093.jpg:0.3886; Okinawa_soba/Okinawa_soba_0091.jpg:0.3739
Olivier_salad/Olivier_salad_0093.jpg,Olivier_salad,A nutritionally balanced Olivier salad is placed in clear glass.,Potato_salad/Potato_salad_0093.jpg,Potato_salad,"A potato salad consisting of potatoes, carrots, green beans and other ingredients covered with salad dressing is arranged in a round salad bowl and garnished with vegetable leaves.",0,0,Olivier_salad/Olivier_salad_0093.jpg,1,1,1.870385,1,0.459076,13.929136,0.459076,0.164054,0.390880,0.000152,0.555092,Potato_salad/Potato_salad_0093.jpg:0.4591; Olivier_salad/Olivier_salad_0082.jpg:0.4475; Olivier_salad/Olivier_salad_0087.jpg:0.4092; Olivier_salad/Olivier_salad_0093.jpg:0.3702; Olivier_salad/Olivier_salad_0098.jpg:0.3504
Onion_ring/Onion_ring_0097.jpg,Onion_ring,A plate of crispy onion rings padded with red and white lattice paper underneath.,Onion_ring/Onion_ring_0097.jpg,Onion_ring,A plate of crispy onion rings padded with red and white lattice paper underneath.,1,1,Onion_ring/Onion_ring_0097.jpg,1,1,4.474266,0,0.000000,19.955412,19.955412,0.181156,0.000028,0.000079,0.181268,Onion_ring/Onion_ring_0097.jpg:19.9554; Fried_onion/Fried_onion_0082.jpg:15.4811; Onion_ring/Onion_ring_0086.jpg:14.6973; Onion_ring/Onion_ring_0083.jpg:13.9730; Onion_ring/Onion_ring_0093.jpg:13.9521
Orange_chicken/Orange_chicken_0095.jpg,Orange_chicken,Orange chicken on a blue-and-white tartan cloth sprinkled with peanut kernels.,Korean_fried_chicken/Korean_fried_chicken_0102.jpg,Korean_fried_chicken,Korean fried chicken seasoned with red spicy sauce is piled up on a large plate with minced peanuts scattered on the top,0,0,Orange_chicken/Orange_chicken_0095.jpg,1,1,1.715029,1,0.627951,16.154522,0.627951,0.155550,1.598701,0.000100,1.754357,Korean_fried_chicken/Korean_fried_chicken_0102.jpg:0.6280; Orange_chicken/Orange_chicken_0095.jpg:0.6206; Korean_fried_chicken/Korean_fried_chicken_0094.jpg:0.5775; Bourbon_chicken/Bourbon_chicken_0096.jpg:0.3381; Fried_Tofu/Fried_Tofu_0097.jpg:0.2568
Oysters_Rockefeller/Oysters_Rockefeller_0085.jpg,Oysters_Rockefeller,"On the tinfoil, there are four pieces of freshly baked Oysters Rockefeller garnished with a lemon wedge and some parsley leaves",Oysters_Rockefeller/Oysters_Rockefeller_0085.jpg,Oysters_Rockefeller,"On the tinfoil, there are four pieces of freshly baked Oysters Rockefeller garnished with a lemon wedge and some parsley leaves",1,1,Oysters_Rockefeller/Oysters_Rockefeller_0085.jpg,1,1,3.406404,0,0.000000,20.819750,20.819750,0.153203,0.000027,0.000073,0.153306,Oysters_Rockefeller/Oysters_Rockefeller_0085.jpg:20.8197; Oysters_Rockefeller/Oysters_Rockefeller_0094.jpg:17.4133; Oysters_Rockefeller/Oysters_Rockefeller_0099.jpg:15.6244; Oysters_Rockefeller/Oysters_Rockefeller_0092.jpg:14.8703; Oysters_Rockefeller/Oysters_Rockefeller_0083.jpg:14.4817
Paella/Paella_0096.jpg,Paella,A delicious paella sprinkled with parsley and green bean inside.,Paella/Paella_0090.jpg,Paella,"Prawns, clams, mussels and peas cooking mixed with rice garnished with chopped coriander leaves in a metal pan made the portion of Paella",0,1,Paella/Paella_0096.jpg,1,1,1.574919,1,0.644225,13.136831,0.644225,0.154955,1.556165,0.000147,1.711272,Paella/Paella_0090.jpg:0.6442; Paella/Paella_0096.jpg:0.5908; Paella/Paella_0092.jpg:0.5699; Paella/Paella_0091.jpg:0.5506; Paella/Paella_0094.jpg:0.5312
Pakora/Pakora_0086.jpg,Pakora,Some irregular shaped fried vegetable balls to made into Pakora,Pakora/Pakora_0089.jpg,Pakora,"Some Pakora are made of some round fried green vegetable cake, in a white square bowl with some parsley",0,1,Pakora/Pakora_0086.jpg,1,1,0.884034,1,0.658418,15.441577,0.658418,0.155656,1.609148,0.000146,1.764956,Pakora/Pakora_0089.jpg:0.6584; Pakora/Pakora_0081.jpg:0.5964; Pakora/Pakora_0086.jpg:0.5927; Pakora/Pakora_0087.jpg:0.5660; Pakora/Pakora_0099.jpg:0.4727
Panzanella/Panzanella_0096.jpg,Panzanella,"The boat-shaped plate contains Panzanella with olives, endive, apple slices, shredded onions, and mango chunks.",Panzanella/Panzanella_0096.jpg,Panzanella,"The boat-shaped plate contains Panzanella with olives, endive, apple slices, shredded onions, and mango chunks.",1,1,Panzanella/Panzanella_0096.jpg,1,1,1.876104,1,0.537041,14.675135,0.537041,0.170278,1.710571,0.000124,1.880977,Panzanella/Panzanella_0096.jpg:0.5370; Panzanella/Panzanella_0100.jpg:0.3277; Panzanella/Panzanella_0086.jpg:0.3208; Panzanella/Panzanella_0097.jpg:0.2798; Panzanella/Panzanella_0098.jpg:0.2583
Pasta/Pasta_0098.jpg,Pasta,"A plate of pasta mixed with tomato pieces, corn kernels, and a fork on the side",Pasta/Pasta_0098.jpg,Pasta,"A plate of pasta mixed with tomato pieces, corn kernels, and a fork on the side",1,1,Pasta/Pasta_0098.jpg,1,1,7.088371,0,0.000000,19.073709,19.073709,0.146784,0.000024,0.000067,0.146878,Pasta/Pasta_0098.jpg:19.0737; Pasta/Pasta_0085.jpg:11.9853; Pasta_alla_Norma/Pasta_alla_Norma_0088.jpg:9.6799; Pasta/Pasta_0081.jpg:9.6273; Pasta/Pasta_0090.jpg:9.5005
Pasta_al_pomodoro/Pasta_al_pomodoro_0100.jpg,Pasta_al_pomodoro,Some basil leaves decorated next to a bowl of Pasta al pomodoro with a little cheese sprinkled on top,Pasta_al_pomodoro/Pasta_al_pomodoro_0100.jpg,Pasta_al_pomodoro,Some basil leaves decorated next to a bowl of Pasta al pomodoro with a little cheese sprinkled on top,1,1,Chicken_cacciatore/Chicken_cacciatore_0091.jpg,0,1,0.421323,1,0.525369,12.316365,0.525369,0.157887,1.661904,0.000146,1.819941,Pasta_al_pomodoro/Pasta_al_pomodoro_0100.jpg:0.5254; Pasta_al_pomodoro/Pasta_al_pomodoro_0084.jpg:0.4206; Pasta_al_pomodoro/Pasta_al_pomodoro_0086.jpg:0.3540; Pasta_al_pomodoro/Pasta_al_pomodoro_0091.jpg:0.3486; Chicken_cacciatore/Chicken_cacciatore_0091.jpg:0.2878
Pasteis_de_Bacalhau/Pasteis_de_Bacalhau_0100.jpg,Pasteis_de_Bacalhau,Two Pasteis de Bacalhau on a white plate with some chopped coriander and a fork on the side,Pasteis_de_Bacalhau/Pasteis_de_Bacalhau_0081.jpg,Pasteis_de_Bacalhau,Two golden-fried crisp pasteis de bacalhau with a few tiny sprigs of parsley,0,1,Pasteis_de_Bacalhau/Pasteis_de_Bacalhau_0081.jpg,0,1,3.229538,0,0.000000,22.409855,22.409855,0.148296,0.000027,0.000074,0.148400,Pasteis_de_Bacalhau/Pasteis_de_Bacalhau_0081.jpg:22.4099; Pasteis_de_Bacalhau/Pasteis_de_Bacalhau_0100.jpg:19.1803; Pasteis_de_Bacalhau/Pasteis_de_Bacalhau_0094.jpg:16.8700; Pasteis_de_Bacalhau/Pasteis_de_Bacalhau_0087.jpg:15.9984; Pasteis_de_Bacalhau/Pasteis_de_Bacalhau_0084.jpg:15.8335
Pea_soup/Pea_soup_0091.jpg,Pea_soup,"A white enamel bowl with pea soup inside, mixed with sliced carrots and sprinkled with some pepper",Pea_soup/Pea_soup_0091.jpg,Pea_soup,"A white enamel bowl with pea soup inside, mixed with sliced carrots and sprinkled with some pepper",1,1,Pea_soup/Pea_soup_0091.jpg,1,1,3.408632,0,0.000000,13.604239,13.604239,0.142295,0.000029,0.000073,0.142400,Pea_soup/Pea_soup_0091.jpg:13.6042; Pea_soup/Pea_soup_0089.jpg:10.1956; Stew_peas/Stew_peas_0085.jpg:9.9516; Chicken_soup/Chicken_soup_0087.jpg:9.5548; Fricassee/Fricassee_0088.jpg:9.3111
Peanut_butter_cookie/Peanut_butter_cookie_0091.jpg,Peanut_butter_cookie,A small jar with a floral pattern filled with Peanut butter cookies,Peanut_butter_cookie/Peanut_butter_cookie_0087.jpg,Peanut_butter_cookie,A Transparent glass bowl which contains some roasted golden circular peanut butter cookies,0,1,Wotou/Wotou_0101.jpg,0,0,1.190475,1,0.414899,11.035761,0.414899,0.141796,0.535072,0.000141,0.677014,Peanut_butter_cookie/Peanut_butter_cookie_0087.jpg:0.4149; Butter_pecan/Butter_pecan_0092.jpg:0.3558; Wotou/Wotou_0101.jpg:0.3157; Almond_biscuit/Almond_biscuit_0089.jpg:0.3124; Peanut_butter_cookie/Peanut_butter_cookie_0086.jpg:0.2674
Peanut_soup/Peanut_soup_0084.jpg,Peanut_soup,A white plate placed a serving of peanut soup with some roughly chopped deep-fried dough sticks,Peanut_soup/Peanut_soup_0087.jpg,Peanut_soup,"A serving of peanut soup that is made of some roughly shredded potatoes, and some fried peanuts",0,1,Bubur_kacang_hijau/Bubur_kacang_hijau_0087.jpg,0,0,0.339172,1,0.498047,13.783974,0.498047,0.148542,0.580646,0.000126,0.729319,Peanut_soup/Peanut_soup_0087.jpg:0.4980; Bubur_kacang_hijau/Bubur_kacang_hijau_0091.jpg:0.4092; Bubur_kacang_hijau/Bubur_kacang_hijau_0084.jpg:0.4036; Bubur_kacang_hijau/Bubur_kacang_hijau_0096.jpg:0.3684; Bubur_kacang_hijau/Bubur_kacang_hijau_0087.jpg:0.3311
Pickled_cucumber/Pickled_cucumber_0083.jpg,Pickled_cucumber,"A serving of pickled cucumber, that is made of some cucumber slices and sprinkled with some chopped garlic, chili circle and dried prickly ash",Pickled_cucumber/Pickled_cucumber_0083.jpg,Pickled_cucumber,"A serving of pickled cucumber, that is made of some cucumber slices and sprinkled with some chopped garlic, chili circle and dried prickly ash",1,1,Pickled_cucumber/Pickled_cucumber_0083.jpg,1,1,5.457129,0,0.000000,14.885113,14.885113,0.150883,0.000032,0.000076,0.150994,Pickled_cucumber/Pickled_cucumber_0083.jpg:14.8851; Pickled_cucumber/Pickled_cucumber_0092.jpg:9.4280; Shuizhu/Shuizhu_0096.jpg:9.3453; Shuizhu/Shuizhu_0097.jpg:9.2022; Fuqi_feipian/Fuqi_feipian_0237.jpg:8.8459
Pig's_ear/Pig's_ear_0100.jpg,Pig's_ear,Three complete Pig's ears on a rectangular plate with a few parsley leaves and three small flowers made of carrots,Pig's_ear/Pig's_ear_0100.jpg,Pig's_ear,Three complete Pig's ears on a rectangular plate with a few parsley leaves and three small flowers made of carrots,1,1,Pig's_ear/Pig's_ear_0100.jpg,1,1,0.436101,1,0.631594,14.911513,0.631594,0.152828,1.547987,0.000153,1.700973,Pig's_ear/Pig's_ear_0100.jpg:0.6316; Pig's_ear/Pig's_ear_0086.jpg:0.5176; Wotou/Wotou_0108.jpg:0.3979; Sheep's_trotters/Sheep's_trotters_0091.jpg:0.3666; Pork_Knuckles_and_Ginger_Stew/Pork_Knuckles_and_Ginger_Stew_0089.jpg:0.2798
Pig's_organ_soup/Pig's_organ_soup_0089.jpg,Pig's_organ_soup,"Some pig's liver slices, lean pork slices, streaky pork slices, a few meatballs, tofu chunks, and some chopped parsley made into pig's organ soup",Pig's_organ_soup/Pig's_organ_soup_0091.jpg,Pig's_organ_soup,"A big bowl of Pig's organ soup with pig's blood, pig's liver, pork balls, tofu and chopped cilantro",0,1,Pig's_organ_soup/Pig's_organ_soup_0088.jpg,0,1,0.590994,1,0.577495,21.486118,0.577495,0.156436,1.628727,0.000151,1.785320,Pig's_organ_soup/Pig's_organ_soup_0091.jpg:0.5775; Pig's_organ_soup/Pig's_organ_soup_0089.jpg:0.5679; Pig's_organ_soup/Pig's_organ_soup_0099.jpg:0.5679; Pig's_organ_soup/Pig's_organ_soup_0088.jpg:0.4980; Pig's_organ_soup/Pig's_organ_soup_0084.jpg:0.4397
Pig's_trotters/Pig's_trotters_0083.jpg,Pig's_trotters,A serving of roasted pig's trotters neatly pile stacked together and sprinkled with some chopped red bell pepper and chopped young garlic shoot,Pig's_trotters/Pig's_trotters_0083.jpg,Pig's_trotters,A serving of roasted pig's trotters neatly pile stacked together and sprinkled with some chopped red bell pepper and chopped young garlic shoot,1,1,Pig's_trotters/Pig's_trotters_0083.jpg,1,1,1.976074,1,0.602062,18.191151,0.602062,0.155211,1.619977,0.000120,1.775312,Pig's_trotters/Pig's_trotters_0083.jpg:0.6021; Sheep's_trotters/Sheep's_trotters_0091.jpg:0.3630; Sheep's_trotters/Sheep's_trotters_0098.jpg:0.3329; Pork_Knuckles_and_Ginger_Stew/Pork_Knuckles_and_Ginger_Stew_0089.jpg:0.3040; Pork_knuckle/Pork_knuckle_0084.jpg:0.2227
Pineapple_tart/Pineapple_tart_0082.jpg,Pineapple_tart,Some golden cakes and full pineapple stuffing made into pineapple tart on a white plate,Pineapple_tart/Pineapple_tart_0082.jpg,Pineapple_tart,Some golden cakes and full pineapple stuffing made into pineapple tart on a white plate,1,1,Pineapple_tart/Pineapple_tart_0084.jpg,0,1,1.549653,1,0.498047,14.718493,0.498047,0.147092,1.471636,0.000135,1.618869,Pineapple_tart/Pineapple_tart_0082.jpg:0.4980; Pineapple_tart/Pineapple_tart_0081.jpg:0.4552; Pineapple_tart/Pineapple_tart_0084.jpg:0.4475; Pineapple_tart/Pineapple_tart_0099.jpg:0.3757; Pineapple_tart/Pineapple_tart_0100.jpg:0.2323
Pizza_carbonara/Pizza_carbonara_0084.jpg,Pizza_carbonara,"A plate of yellow freshly roasted pizza carbonara with round dough, white liquid cream, yellow roasted cheese and thin cut bacon.",Pizza_carbonara/Pizza_carbonara_0084.jpg,Pizza_carbonara,"A plate of yellow freshly roasted pizza carbonara with round dough, white liquid cream, yellow roasted cheese and thin cut bacon.",1,1,Pizza_carbonara/Pizza_carbonara_0084.jpg,1,1,1.873517,1,0.409221,16.783794,0.409221,0.167693,1.644915,0.000144,1.812756,Pizza_carbonara/Pizza_carbonara_0084.jpg:0.4092; Pizza_carbonara/Pizza_carbonara_0091.jpg:0.3294; Pizza_carbonara/Pizza_carbonara_0088.jpg:0.3074; Bruschetta/Bruschetta_0099.jpg:0.2705; Seafood_pizza/Seafood_pizza_0093.jpg:0.2134
Plum_cake/Plum_cake_0084.jpg,Plum_cake,"Cut yellow bread slices with chopped plums, yellow shredded plums, and white icing on a table.",Buttery_bread/Buttery_bread_0099.jpg,Buttery_bread,A loaf of buttery bread in a spiral pattern covered with a layer of snow-white sticky syrup along with a piece of orange aside,0,0,Ciambelle/Ciambelle_0084.jpg,0,0,0.198551,1,0.424412,7.701417,0.424412,0.146904,0.438421,0.000175,0.585506,Buttery_bread/Buttery_bread_0099.jpg:0.4244; Butter_cake/Butter_cake_0083.jpg:0.4036; Ciambelle/Ciambelle_0084.jpg:0.3259; Cream_pie/Cream_pie_0085.jpg:0.2056; Nuomici/Nuomici_0089.jpg:0.1541
Pommes_dauphine/Pommes_dauphine_0081.jpg,Pommes_dauphine,"Some fried yellow pommes dauphine with large potatoes, some fried flour, and a small amount of black pepper in a white box.",Pommes_dauphine/Pommes_dauphine_0081.jpg,Pommes_dauphine,"Some fried yellow pommes dauphine with large potatoes, some fried flour, and a small amount of black pepper in a white box.",1,1,Pommes_dauphine/Pommes_dauphine_0081.jpg,1,1,1.118006,1,0.447460,14.219970,0.447460,0.148293,0.963364,0.000145,1.111809,Pommes_dauphine/Pommes_dauphine_0081.jpg:0.4475; Pakora/Pakora_0086.jpg:0.4225; Pączki/Pączki_0096.jpg:0.4187; Red_bean_cake/Red_bean_cake_0085.jpg:0.3007; Pommes_dauphine/Pommes_dauphine_0095.jpg:0.2613
Poori/Poori_0089.jpg,Poori,"A lot of thin, yellow, large, round poori on a green plate.",Poori/Poori_0089.jpg,Poori,"A lot of thin, yellow, large, round poori on a green plate.",1,1,Poori/Poori_0089.jpg,1,1,3.013101,0,0.000000,16.890654,16.890654,0.160237,0.000029,0.000073,0.160341,Poori/Poori_0089.jpg:16.8907; Poori/Poori_0094.jpg:13.8776; Kachori/Kachori_0096.jpg:12.6971; Kachori/Kachori_0088.jpg:12.6505; Corn_tortilla/Corn_tortilla_0086.jpg:11.6786
Pork_Knuckles_and_Ginger_Stew/Pork_Knuckles_and_Ginger_Stew_0092.jpg,Pork_Knuckles_and_Ginger_Stew,One serving of stewed Pork Knuckles and Ginger Stew with peanut rice served in a bowl with a floral pattern.,Lentil_soup/Lentil_soup_0108.jpg,Lentil_soup,"a bowl of clear soup that is full of solid materials such as lentils, green beans, peanuts, and so on.",0,0,Lentil_soup/Lentil_soup_0108.jpg,0,1,3.425981,0,0.000000,15.921156,15.921156,0.155529,0.000028,0.000075,0.155635,Lentil_soup/Lentil_soup_0108.jpg:15.9212; Pork_Knuckles_and_Ginger_Stew/Pork_Knuckles_and_Ginger_Stew_0085.jpg:12.4952; Pork_Knuckles_and_Ginger_Stew/Pork_Knuckles_and_Ginger_Stew_0092.jpg:12.1780; Sheep's_trotters/Sheep's_trotters_0091.jpg:12.1659; Pork_Knuckles_and_Ginger_Stew/Pork_Knuckles_and_Ginger_Stew_0096.jpg:11.7528
Pork_blood_soup/Pork_blood_soup_0108.jpg,Pork_blood_soup,Cubes of pork blood jelly with a spoon in the light soup garnished with chopped scallions made the bowl of pork blood soup,Pork_blood_soup/Pork_blood_soup_0108.jpg,Pork_blood_soup,Cubes of pork blood jelly with a spoon in the light soup garnished with chopped scallions made the bowl of pork blood soup,1,1,Pork_blood_soup/Pork_blood_soup_0108.jpg,1,1,1.477518,1,0.712232,19.612885,0.712232,0.154427,1.182379,0.000141,1.336952,Pork_blood_soup/Pork_blood_soup_0108.jpg:0.7122; Pig's_organ_soup/Pig's_organ_soup_0091.jpg:0.5078; Pig's_organ_soup/Pig's_organ_soup_0089.jpg:0.4092; Pig's_organ_soup/Pig's_organ_soup_0088.jpg:0.3868; Pig's_organ_soup/Pig's_organ_soup_0084.jpg:0.3540
Pork_knuckle/Pork_knuckle_0083.jpg,Pork_knuckle,"Scorched pork knuckle with large bones, yellow potato chips and green oregano on yellow sea stone flowers.",Eisbein/Eisbein_0086.jpg,Eisbein,There is a thick layer of sauerkraut on the plate with a piece of Eisbein and some potatoes on top.,0,0,Eisbein/Eisbein_0086.jpg,0,0,1.178361,1,0.521471,15.882482,0.521471,0.170371,1.692192,0.000142,1.862711,Eisbein/Eisbein_0086.jpg:0.5215; Jambonneau/Jambonneau_0094.jpg:0.4017; Eisbein/Eisbein_0094.jpg:0.3794; Schweinshaxe/Schweinshaxe_0081.jpg:0.2659; Jambonneau/Jambonneau_0084.jpg:0.2583
Pork_ribs/Pork_ribs_0092.jpg,Pork_ribs,A black baking sheet holds two grilled Pork ribs and is drizzled with honey with a spoon.,Pork_ribs/Pork_ribs_0092.jpg,Pork_ribs,A black baking sheet holds two grilled Pork ribs and is drizzled with honey with a spoon.,1,1,Pork_ribs/Pork_ribs_0092.jpg,1,1,9.142476,0,0.000000,17.968086,17.968086,0.162815,0.000027,0.000096,0.162942,Pork_ribs/Pork_ribs_0092.jpg:17.9681; Pork_ribs/Pork_ribs_0091.jpg:8.8256; Pork_ribs/Pork_ribs_0093.jpg:7.3871; Bacon_explosion/Bacon_Explosion_0110.jpg:7.2029; Æbleflæsk/Æbleflæsk_0092.jpg:6.9600
Pork_tenderloin/Pork_tenderloin_0085.jpg,Pork_tenderloin,"Long, sliced pork tenderloin with olive oil and white sesame seeds on the black table.",Pork_tenderloin/Pork_tenderloin_0085.jpg,Pork_tenderloin,"Long, sliced pork tenderloin with olive oil and white sesame seeds on the black table.",1,1,Porchetta/Porchetta_0081.jpg,0,1,0.441049,1,0.704160,11.305486,0.704160,0.144459,1.050256,0.000151,1.194872,Pork_tenderloin/Pork_tenderloin_0085.jpg:0.7042; Porchetta/Porchetta_0081.jpg:0.4922; Spiced_beef/Spiced_beef_0106.jpg:0.4359; Ginger_beef/Ginger_beef_0084.jpg:0.3775; Pork_tenderloin/Pork_tenderloin_0081.jpg:0.3090
Pork_tenderloin_sandwich/Pork_tenderloin_sandwich_0094.jpg,Pork_tenderloin_sandwich,"A pork tenderloin sandwich with pork tenderloin, avocado, and round onion rings, served with grilled vegetables.",Pork_tenderloin_sandwich/Pork_tenderloin_sandwich_0094.jpg,Pork_tenderloin_sandwich,"A pork tenderloin sandwich with pork tenderloin, avocado, and round onion rings, served with grilled vegetables.",1,1,Pork_tenderloin_sandwich/Pork_tenderloin_sandwich_0094.jpg,1,1,1.299720,1,0.564098,15.976800,0.564098,0.158708,1.606418,0.000148,1.765280,Pork_tenderloin_sandwich/Pork_tenderloin_sandwich_0094.jpg:0.5641; Avocado_bread/Avocado_bread_0099.jpg:0.3486; Cebolada/Cebolada_0088.jpg:0.3208; Pork_tenderloin_sandwich/Pork_tenderloin_sandwich_0081.jpg:0.3007; Pork_tenderloin_sandwich/Pork_tenderloin_sandwich_0095.jpg:0.2878
Pot_roast/Pot_roast_0097.jpg,Pot_roast,"On the light blue tablecloth, there were knives and forks, red wine and large amphora bowls in which a refined Pot roast was served.",Pot_roast/Pot_roast_0097.jpg,Pot_roast,"On the light blue tablecloth, there were knives and forks, red wine and large amphora bowls in which a refined Pot roast was served.",1,1,Pot_roast/Pot_roast_0097.jpg,1,1,3.153525,0,0.000000,14.287647,14.287647,0.172743,0.000038,0.000110,0.172894,Pot_roast/Pot_roast_0097.jpg:14.2876; Goulash/Goulash_0097.jpg:11.1341; Goulash/Goulash_0095.jpg:10.6091; Boiled_beef/Boiled_beef_0081.jpg:10.5432; Cassoulet/Cassoulet_0095.jpg:10.1594
Potato_salad/Potato_salad_0082.jpg,Potato_salad,"Some potato pieces wrapped in mayonnaise, along with red, chopped onions, cut boiled eggs, and tender shallots in a white bowl.",Potato_salad/Potato_salad_0092.jpg,Potato_salad,"A beautiful tablecloth is set with a potato salad consisting of potatoes, vegetables, eggs, salad dressing and decorated with bacon and green onions.",0,1,Potato_salad/Potato_salad_0091.jpg,0,1,0.676352,1,0.556400,13.479036,0.556400,0.147438,1.042783,0.000155,1.190383,Potato_salad/Potato_salad_0092.jpg:0.5564; Potato_salad/Potato_salad_0082.jpg:0.5564; Potato_salad/Potato_salad_0091.jpg:0.5137; Potato_salad/Potato_salad_0086.jpg:0.4513; Potato_salad/Potato_salad_0081.jpg:0.2926
Poutine/Poutine_0097.jpg,Poutine,"On the wooden dining seat, there was a round, patterned plate filled with a generous amount of Poutine, topped with a thick gravy.",Poutine/Poutine_0092.jpg,Poutine,A large and tempting portion of Poutine with cheese fries with gravy on a round plate.,0,1,Poutine/Poutine_0092.jpg,0,1,1.518813,1,0.605799,15.802087,0.605799,0.145968,0.414911,0.000140,0.561026,Poutine/Poutine_0092.jpg:0.6058; Poutine/Poutine_0095.jpg:0.5660; Poutine/Poutine_0097.jpg:0.5176; Poutine/Poutine_0085.jpg:0.4649; Poutine/Poutine_0081.jpg:0.4187
Prawn_cocktail/Prawn_cocktail_0094.jpg,Prawn_cocktail,A Prawn cocktail wrapped in vegetable leaves under a salad dressing was placed on the wooden table.,Prawn_cocktail/Prawn_cocktail_0083.jpg,Prawn_cocktail,"Fresh, peeled shrimp with red pepper powder, green, cut cabbage in a transparent goblet.",0,1,Prawn_cocktail/Prawn_cocktail_0083.jpg,0,1,0.358910,1,0.554470,12.783834,0.554470,0.153046,1.551616,0.000149,1.704816,Prawn_cocktail/Prawn_cocktail_0083.jpg:0.5545; Prawn_cocktail/Prawn_cocktail_0094.jpg:0.5312; Prawn_cocktail/Prawn_cocktail_0091.jpg:0.5020; Prawn_cocktail/Prawn_cocktail_0088.jpg:0.4187; Prawn_cocktail/Prawn_cocktail_0081.jpg:0.3612
Prawn_soup/Prawn_soup_0090.jpg,Prawn_soup,"Large bowl of prawn soup with yellow, fresh shrimp, yellow, thick soup, red, chopped pepper, green coriander leaves.",Prawn_soup/Prawn_soup_0090.jpg,Prawn_soup,"Large bowl of prawn soup with yellow, fresh shrimp, yellow, thick soup, red, chopped pepper, green coriander leaves.",1,1,Prawn_soup/Prawn_soup_0090.jpg,1,1,0.573458,1,0.592667,14.694661,0.592667,0.165952,1.630420,0.000149,1.796527,Prawn_soup/Prawn_soup_0090.jpg:0.5927; Prawn_soup/Prawn_soup_0091.jpg:0.4630; Vindaloo/Vindaloo_0097.jpg:0.4397; Shuizhu/Shuizhu_0086.jpg:0.4225; Chowder/Chowder_0081.jpg:0.3259
Profiterole/Profiterole_0094.jpg,Profiterole,A square white plate is full of profiteroles with white cream and blue or yellow sweets in the middle.,Profiterole/Profiterole_0094.jpg,Profiterole,A square white plate is full of profiteroles with white cream and blue or yellow sweets in the middle.,1,1,Profiterole/Profiterole_0094.jpg,1,1,3.990669,0,0.000000,18.389692,18.389692,0.168394,0.000025,0.000066,0.168489,Profiterole/Profiterole_0094.jpg:18.3897; Pączki/Pączki_0087.jpg:14.3990; Almond_biscuit/Almond_biscuit_0092.jpg:12.0877; Profiterole/Profiterole_0088.jpg:11.0079; Profiterole/Profiterole_0082.jpg:10.9256
Pudding_corn/Pudding_corn_0092.jpg,Pudding_corn,"A transparent square-shaped glass baking tray was filled with golden pudding corn, which was placed on the blue and white plaid cloth.",Pudding_corn/Pudding_corn_0092.jpg,Pudding_corn,"A transparent square-shaped glass baking tray was filled with golden pudding corn, which was placed on the blue and white plaid cloth.",1,1,Pudding_corn/Pudding_corn_0092.jpg,1,1,1.216831,1,0.737158,18.359600,0.737158,0.144720,0.409498,0.000136,0.554359,Pudding_corn/Pudding_corn_0092.jpg:0.7372; Pudding_corn/Pudding_corn_0083.jpg:0.6334; Pudding_corn/Pudding_corn_0086.jpg:0.5156; Pudding_corn/Pudding_corn_0099.jpg:0.4552; Pudding_corn/Pudding_corn_0085.jpg:0.3504
Pulled_pork/Pulled_pork_0087.jpg,Pulled_pork,"a wooden panel of pulled pork sandwiches stuffed with shredded pulled pork, red onions and pickles",Pulled_pork/Pulled_pork_0087.jpg,Pulled_pork,"a wooden panel of pulled pork sandwiches stuffed with shredded pulled pork, red onions and pickles",1,1,Pulled_pork/Pulled_pork_0087.jpg,1,1,5.689820,0,0.000000,17.552025,17.552025,0.147461,0.000024,0.000068,0.147556,Pulled_pork/Pulled_pork_0087.jpg:17.5520; Pulled_pork/Pulled_pork_0082.jpg:11.8622; Pulled_pork/Pulled_pork_0086.jpg:9.6947; Bacon_sandwich/Bacon_sandwich_0089.jpg:7.9025; Ham_sandwich/Ham_sandwich_0086.jpg:7.1922
Pumpkin_bread/Pumpkin_bread_0093.jpg,Pumpkin_bread,"Two pumpkin bread slices are coated with sauce, sprinkled with almond slices and icing sugar, and a fork with a golden handle is placed on a pink plate, accompanied by a cup of coffee.",Pumpkin_bread/Pumpkin_bread_0093.jpg,Pumpkin_bread,"Two pumpkin bread slices are coated with sauce, sprinkled with almond slices and icing sugar, and a fork with a golden handle is placed on a pink plate, accompanied by a cup of coffee.",1,1,Pumpkin_bread/Pumpkin_bread_0093.jpg,1,1,3.793581,0,0.000000,20.098053,20.098053,0.154061,0.000026,0.000072,0.154162,Pumpkin_bread/Pumpkin_bread_0093.jpg:20.0981; French_toast/French_toast_0092.jpg:16.3045; French_toast/French_toast_0081.jpg:12.1737; French_toast/French_toast_0085.jpg:10.9625; French_toast/French_toast_0098.jpg:10.8157
Pumpkin_pie/Pumpkin_pie_0097.jpg,Pumpkin_pie,"A triangular pumpkin pie dotted with cream, accompanied by a white ice cream ball, is placed on a white round plate.",Pumpkin_pie/Pumpkin_pie_0097.jpg,Pumpkin_pie,"A triangular pumpkin pie dotted with cream, accompanied by a white ice cream ball, is placed on a white round plate.",1,1,Pumpkin_pie/Pumpkin_pie_0097.jpg,1,1,5.421979,0,0.000000,17.600090,17.600090,0.352304,0.000030,0.000089,0.352427,Pumpkin_pie/Pumpkin_pie_0097.jpg:17.6001; Apple_pie/Apple_pie_0056.jpg:12.1781; Butter_pie/Butter_pie_0096.jpg:12.1678; Butter_pie/Butter_pie_0086.jpg:11.8935; Cream_pie/Cream_pie_0093.jpg:10.8610
Quesadilla/Quesadilla_0096.jpg,Quesadilla,"On a white square plate, there is quesadilla with some yellow sauce on it, cheese and meat in the middle, and cilantro beside it.",Quesadilla/Quesadilla_0096.jpg,Quesadilla,"On a white square plate, there is quesadilla with some yellow sauce on it, cheese and meat in the middle, and cilantro beside it.",1,1,Quesadilla/Quesadilla_0096.jpg,1,1,8.104605,0,0.000000,20.708223,20.708223,0.147508,0.000038,0.000109,0.147659,Quesadilla/Quesadilla_0096.jpg:20.7082; Pipikaula/Pipikaula_0110.jpg:12.6036; Quesadilla/Quesadilla_0084.jpg:12.2050; Quesadilla/Quesadilla_0090.jpg:11.5389; Quesadilla/Quesadilla_0088.jpg:11.2510
Queso_flameado/Queso_flameado_0086.jpg,Queso_flameado,"a full deep plate of creamy queso flameado covered with savory minced chorizo and onions thick cheese, garnished with green herbs on top",Queso_flameado/Queso_flameado_0091.jpg,Queso_flameado,"The queso flameado is put in a black pot, covered with meat sauce, red pepper and other ingredients with tender yellow melted cheese, and served with a spoon.",0,1,Queso_flameado/Queso_flameado_0088.jpg,0,1,1.442539,1,0.609524,16.962116,0.609524,0.157487,1.121556,0.000148,1.279197,Queso_flameado/Queso_flameado_0091.jpg:0.6095; Queso_flameado/Queso_flameado_0087.jpg:0.5467; Queso_flameado/Queso_flameado_0086.jpg:0.4902; Queso_flameado/Queso_flameado_0084.jpg:0.4766; Queso_flameado/Queso_flameado_0088.jpg:0.4552
Rack_of_lamb/Rack_of_lamb_0082.jpg,Rack_of_lamb,"a large rack of lamb grilled with breadcrumbs and chopped herbs, served with soft tomatoes on the side",Rack_of_lamb/Rack_of_lamb_0082.jpg,Rack_of_lamb,"a large rack of lamb grilled with breadcrumbs and chopped herbs, served with soft tomatoes on the side",1,1,Rack_of_lamb/Rack_of_lamb_0082.jpg,1,1,6.550838,0,0.000000,18.727936,18.727936,0.150677,0.000027,0.000071,0.150778,Rack_of_lamb/Rack_of_lamb_0082.jpg:18.7279; Rack_of_lamb/Rack_of_lamb_0098.jpg:12.1771; Rack_of_lamb/Rack_of_lamb_0088.jpg:11.8242; Lamb_chop/Lamb_chop_0093.jpg:10.5428; Rack_of_lamb/Rack_of_lamb_0092.jpg:10.2578
Raita/Raita_0088.jpg,Raita,"a small dish of white raita cooked with fried droplets of batter in thick yogurt, decorated with coriander and a pinch of red chili powder",Raita/Raita_0088.jpg,Raita,"a small dish of white raita cooked with fried droplets of batter in thick yogurt, decorated with coriander and a pinch of red chili powder",1,1,Raita/Raita_0088.jpg,1,1,0.631968,1,0.689306,18.116011,0.689306,0.155905,1.519021,0.000182,1.675113,Raita/Raita_0088.jpg:0.6893; Raita/Raita_0091.jpg:0.6206; Raita/Raita_0087.jpg:0.5525; Raita/Raita_0083.jpg:0.5098; Raita/Raita_0097.jpg:0.3905
Red_bean_ice/Red_bean_ice_0088.jpg,Red_bean_ice,a small white saucer of red bean ice made of a shaved ice ball covered with red beans and syrup,Red_bean_ice/Red_bean_ice_0085.jpg,Red_bean_ice,a silver metal cup of red bean ice consisted of a light green ice-cream ball topped with soft red bean paste,0,1,Red_bean_ice/Red_bean_ice_0085.jpg,0,0,0.614248,1,0.590779,8.191795,0.590779,0.152055,1.164652,0.000139,1.316852,Red_bean_ice/Red_bean_ice_0085.jpg:0.5908; Red_bean_ice/Red_bean_ice_0097.jpg:0.5078; Red_bean_ice/Red_bean_ice_0082.jpg:0.4688; Es_campur/Es_campur_0102.jpg:0.4630; Red_bean_ice/Red_bean_ice_0094.jpg:0.4282
Red_slaw/Red_slaw_0087.jpg,Red_slaw,an enamel pot of red slaw consisted of fresh red cabbage strips,Red_slaw/Red_slaw_0087.jpg,Red_slaw,an enamel pot of red slaw consisted of fresh red cabbage strips,1,1,Red_slaw/Red_slaw_0087.jpg,1,1,9.552318,0,0.000000,18.037981,18.037981,0.227749,0.000035,0.000099,0.227886,Red_slaw/Red_slaw_0087.jpg:18.0380; Red_slaw/Red_slaw_0084.jpg:8.4857; Red_slaw/Red_slaw_0094.jpg:8.3882; Cabbage_soup/Cabbage_soup_0087.jpg:7.4548; Colcannon/Colcannon_0086.jpg:7.3058
Refried_beans/Refried_beans_0098.jpg,Refried_beans,The red refried beans filled a small white bowl with coriander leaves and diced tomatoes.,Refried_beans/Refried_beans_0098.jpg,Refried_beans,The red refried beans filled a small white bowl with coriander leaves and diced tomatoes.,1,1,Refried_beans/Refried_beans_0098.jpg,1,1,3.486295,0,0.000000,16.314922,16.314922,0.162818,0.000027,0.000074,0.162922,Refried_beans/Refried_beans_0098.jpg:16.3149; Refried_beans/Refried_beans_0090.jpg:12.8286; Refried_beans/Refried_beans_0097.jpg:10.5116; Refried_beans/Refried_beans_0082.jpg:9.4522; Nattō/Nattō_0085.jpg:9.4180
Rendang/Rendang_0095.jpg,Rendang,"Rendang was cut into small pieces and placed on top of sushi, dotted with white sesame seeds, on a black plate with mayonnaise and coconut paste.",Rendang/Rendang_0081.jpg,Rendang,small slices of dark brown rendang served on a white ceramic deep plate,0,1,Rendang/Rendang_0085.jpg,0,0,0.619784,1,0.443600,15.683471,0.443600,0.147289,0.424291,0.000143,0.571728,Rendang/Rendang_0081.jpg:0.4436; Rendang/Rendang_0082.jpg:0.4436; Rendang/Rendang_0085.jpg:0.4225; Rendang/Rendang_0089.jpg:0.4130; Rendang/Rendang_0092.jpg:0.2751
Rice_ball/Rice_ball_0088.jpg,Rice_ball,simple rice balls wrapped with nori and sprinkled with black sesame,Rice_ball/Rice_ball_0088.jpg,Rice_ball,simple rice balls wrapped with nori and sprinkled with black sesame,1,1,Onigiri/Onigiri_0091.jpg,0,1,0.470196,1,0.665411,16.387978,0.665411,0.147757,0.443144,0.000150,0.591056,Rice_ball/Rice_ball_0088.jpg:0.6654; Onigiri/Onigiri_0091.jpg:0.5699; Onigiri/Onigiri_0087.jpg:0.5545; Onigiri/Onigiri_0095.jpg:0.5312; Onigiri/Onigiri_0094.jpg:0.4746
Rice_cakes/Rice_cakes_0082.jpg,Rice_cakes,a simple serving of white rice cake slices topped with wolfberry in a red deep dish,Rice_cakes/Rice_cakes_0082.jpg,Rice_cakes,a simple serving of white rice cake slices topped with wolfberry in a red deep dish,1,1,Rice_cakes/Rice_cakes_0082.jpg,1,1,0.981549,1,0.712232,14.522548,0.712232,0.155089,1.623219,0.000131,1.778444,Rice_cakes/Rice_cakes_0082.jpg:0.7122; Blancmange/Blancmange_0096.jpg:0.3157; Jiuniang/Jiuniang_0099.jpg:0.3074; Suanmeitang/Suanmeitang_0094.jpg:0.3074; Wotou/Wotou_0108.jpg:0.2958
Rice_pudding/Rice_pudding_0096.jpg,Rice_pudding,On top of some white rice pudding are some yellow mangoes and some mint leaves,Rice_pudding/Rice_pudding_0096.jpg,Rice_pudding,On top of some white rice pudding are some yellow mangoes and some mint leaves,1,1,Rice_pudding/Rice_pudding_0096.jpg,1,1,4.856300,0,0.000000,16.414326,16.414326,0.149747,0.000025,0.000071,0.149846,Rice_pudding/Rice_pudding_0096.jpg:16.4143; Mango_pudding/Mango_pudding_0083.jpg:11.5580; Mango_pudding/Mango_pudding_0097.jpg:11.3101; Mango_pudding/Mango_pudding_0087.jpg:10.8847; Cheese_pudding/Cheese_pudding_0053.jpg:10.5749
Rou_jia_mo/Rou_jia_mo_0083.jpg,Rou_jia_mo,"a paper bag of rou jia mo consisted of braised pork, onions, and a bun",Rou_jia_mo/Rou_jia_mo_0087.jpg,Rou_jia_mo,rou jia mo consisted of a crumble bun and a filling of savory pork,0,1,Rou_jia_mo/Rou_jia_mo_0087.jpg,0,1,4.111032,0,0.000000,21.243238,21.243238,0.143103,0.000028,0.000074,0.143207,Rou_jia_mo/Rou_jia_mo_0087.jpg:21.2432; Rou_jia_mo/Rou_jia_mo_0083.jpg:17.1322; Rou_jia_mo/Rou_jia_mo_0084.jpg:16.6713; Beef_bun/Beef_bun_0101.jpg:14.3966; Rou_jia_mo/Rou_jia_mo_0098.jpg:13.9916
Samosa/Samosa_0082.jpg,Samosa,"a crunchy triangular samosa served with a spoon of chutney, accompanied with a cup of samosas on the side",Samosa/Samosa_0095.jpg,Samosa,"A small bowl of ketchup is placed in the middle of a white round plate, and some samosas are placed around the ketchup.",0,1,Samosa/Samosa_0096.jpg,0,1,1.513689,1,0.672332,17.077702,0.672332,0.156848,1.175234,0.000150,1.332238,Samosa/Samosa_0095.jpg:0.6723; Samosa/Samosa_0096.jpg:0.6531; Samosa/Samosa_0082.jpg:0.6316; Samosa/Samosa_0090.jpg:0.5370; Samosa/Samosa_0091.jpg:0.4111
Sapo_tahu/Sapo_tahu_0091.jpg,Sapo_tahu,"Sapo tahu is packed in a white casserole with ingredients such as prawns, carrots, and fish cakes.",Sapo_tahu/Sapo_tahu_0087.jpg,Sapo_tahu,"colorful sapo tahu contains tofu, bell peppers, mushrooms, carrots and tomatoes in a clear broth",0,1,Sapo_tahu/Sapo_tahu_0091.jpg,1,1,1.743034,1,0.394201,18.014801,0.394201,0.158419,0.396396,0.000146,0.554966,Sapo_tahu/Sapo_tahu_0087.jpg:0.3942; Sapo_tahu/Sapo_tahu_0098.jpg:0.3886; Sapo_tahu/Sapo_tahu_0083.jpg:0.3702; Sapo_tahu/Sapo_tahu_0094.jpg:0.3522; Sapo_tahu/Sapo_tahu_0091.jpg:0.3277
Sauerbraten/Sauerbraten_0092.jpg,Sauerbraten,"Sauerbraten, drenched with red sauce, was placed on a round white plate with carrot pieces and celery stems, and a set of cutlery was placed next to it.",Sauerbraten/Sauerbraten_0092.jpg,Sauerbraten,"Sauerbraten, drenched with red sauce, was placed on a round white plate with carrot pieces and celery stems, and a set of cutlery was placed next to it.",1,1,Sauerbraten/Sauerbraten_0092.jpg,1,1,2.582300,1,0.651355,16.354609,0.651355,0.144566,1.003481,0.000148,1.148200,Sauerbraten/Sauerbraten_0092.jpg:0.6514; Tafelspitz/Tafelspitz_0083.jpg:0.3868; Pot_roast/Pot_roast_0095.jpg:0.3433; Pot_roast/Pot_roast_0097.jpg:0.2942; Tafelspitz/Tafelspitz_0098.jpg:0.2862
Sausage_bun/Sausage_bun_0092.jpg,Sausage_bun,A red sausage is spread with yellow sauce and sandwiched in the middle of bread with black sesame seeds on the surface to make a sausage bun.,Sausage_bun/Sausage_bun_0099.jpg,Sausage_bun,The sausage bun is made of a red sausage and yellow mustard sauce sandwiched between long bread.,0,1,Sausage_bun/Sausage_bun_0099.jpg,0,0,0.005710,1,0.388618,9.356473,0.388618,0.159369,1.588754,0.000141,1.748269,Sausage_bun/Sausage_bun_0099.jpg:0.3886; Michigan_hot_dog/Michigan_hot_dog_0083.jpg:0.3469; Michigan_hot_dog/Michigan_hot_dog_0082.jpg:0.3294; Michigan_hot_dog/Michigan_hot_dog_0091.jpg:0.3074; Michigan_hot_dog/Michigan_hot_dog_0084.jpg:0.2926
Sausage_roll/Sausage_roll_0100.jpg,Sausage_roll,A plate of sausage rolls sprinkled with white sesame on the top,Sausage_roll/Sausage_roll_0097.jpg,Sausage_roll,"Small golden sausage rolls arranged neatly, served with a small bowl of red sauce on the side",0,1,Sausage_roll/Sausage_roll_0097.jpg,0,0,0.788051,1,0.635222,13.439539,0.635222,0.161970,1.184873,0.000142,1.346991,Sausage_roll/Sausage_roll_0097.jpg:0.6352; Sausage_roll/Sausage_roll_0091.jpg:0.5370; Sausage_roll/Sausage_roll_0081.jpg:0.4206; Sausage_roll/Sausage_roll_0084.jpg:0.3831; Sausage_roll/Sausage_roll_0088.jpg:0.3007
Sausage_sandwich/Sausage_sandwich_0091.jpg,Sausage_sandwich,"A share of sausage sandwiches prepared using bread, sausage, avocados and other ingredients",Sausage_sandwich/Sausage_sandwich_0091.jpg,Sausage_sandwich,"A share of sausage sandwiches prepared using bread, sausage, avocados and other ingredients",1,1,Sausage_sandwich/Sausage_sandwich_0091.jpg,1,1,1.245526,1,0.564098,16.383360,0.564098,0.164564,1.730256,0.000156,1.894983,Sausage_sandwich/Sausage_sandwich_0091.jpg:0.5641; Melt_sandwich/Melt_sandwich_0093.jpg:0.5039; Sausage_bun/Sausage_bun_0081.jpg:0.4359; Sausage_bun/Sausage_bun_0084.jpg:0.3684; Sausage_sandwich/Sausage_sandwich_0081.jpg:0.1744
Sauteed_mushrooms/Sauteed_mushrooms_0094.jpg,Sauteed_mushrooms,"A share of sauteed mushrooms prepared using white sliced mushrooms, red and green bell peppers",Sauteed_mushrooms/Sauteed_mushrooms_0094.jpg,Sauteed_mushrooms,"A share of sauteed mushrooms prepared using white sliced mushrooms, red and green bell peppers",1,1,Sauteed_mushrooms/Sauteed_mushrooms_0094.jpg,1,1,0.202940,1,0.674050,16.552097,0.674050,0.150026,1.199039,0.000140,1.349209,Sauteed_mushrooms/Sauteed_mushrooms_0094.jpg:0.6741; Sauteed_mushrooms/Sauteed_mushrooms_0098.jpg:0.3648; Di_san_xian/Di_san_xian_0098.jpg:0.2830; Rou_jia_mo/Rou_jia_mo_0096.jpg:0.2736; Di_san_xian/Di_san_xian_0113.jpg:0.2628
Schweinshaxe/Schweinshaxe_0097.jpg,Schweinshaxe,A plate of big brown schweinshaxe served with yellow noodles,Pork_knuckle/Pork_knuckle_0084.jpg,Pork_knuckle,"The yellow, crisp pork knuckle on the white, thin shredded radish next to a large glass of beer.",0,0,Pork_knuckle/Pork_knuckle_0084.jpg,0,1,0.999004,1,0.575588,17.067463,0.575588,0.159777,1.607898,0.000150,1.767830,Pork_knuckle/Pork_knuckle_0084.jpg:0.5756; Schweinshaxe/Schweinshaxe_0094.jpg:0.5370; Eisbein/Eisbein_0097.jpg:0.3998; Eisbein/Eisbein_0094.jpg:0.3739; Schweinshaxe/Schweinshaxe_0097.jpg:0.3648
Seafood_boil/Seafood_boil_0083.jpg,Seafood_boil,"A small portion of seafood boil with several prawns, small potatoes, corn, ham sausage and bread.",Seafood_boil/Seafood_boil_0083.jpg,Seafood_boil,"A small portion of seafood boil with several prawns, small potatoes, corn, ham sausage and bread.",1,1,Seafood_boil/Seafood_boil_0083.jpg,1,1,6.145958,0,0.000000,18.957279,18.957279,0.152704,0.000028,0.000074,0.152809,Seafood_boil/Seafood_boil_0083.jpg:18.9573; Seafood_boil/Seafood_boil_0093.jpg:12.8113; Seafood_boil/Seafood_boil_0082.jpg:11.0023; Bouillabaisse/Bouillabaisse_0091.jpg:10.9820; Cebolada/Cebolada_0096.jpg:10.9810
Seafood_pizza/Seafood_pizza_0095.jpg,Seafood_pizza,Pieces of black seafood pizza topped with shrimps and tomato slices,Seafood_pizza/Seafood_pizza_0095.jpg,Seafood_pizza,Pieces of black seafood pizza topped with shrimps and tomato slices,1,1,Seafood_pizza/Seafood_pizza_0098.jpg,0,1,0.363957,1,0.457137,9.979605,0.457137,0.136993,0.449373,0.000154,0.586526,Seafood_pizza/Seafood_pizza_0095.jpg:0.4571; Seafood_pizza/Seafood_pizza_0082.jpg:0.3998; Seafood_pizza/Seafood_pizza_0098.jpg:0.3594; Seafood_pizza/Seafood_pizza_0097.jpg:0.3558; Seafood_pizza/Seafood_pizza_0093.jpg:0.3174
Sesame_chicken/Sesame_chicken_0098.jpg,Sesame_chicken,"A plate of sesame chicken made of white chicken thighs and broccoli, served with white sesame on the top",Sesame_chicken/Sesame_chicken_0081.jpg,Sesame_chicken,"A small bowl of sesame chicken with some chicken pieces and broccoli, sprinkled with white sesame seeds.",0,1,Sesame_chicken/Sesame_chicken_0081.jpg,0,1,0.745139,1,0.521471,13.973394,0.521471,0.206804,1.737853,0.000133,1.944794,Sesame_chicken/Sesame_chicken_0081.jpg:0.5215; Sesame_chicken/Sesame_chicken_0098.jpg:0.4571; Bourbon_chicken/Bourbon_chicken_0096.jpg:0.2862; Orange_chicken/Orange_chicken_0087.jpg:0.2798; Drunken_chicken/Drunken_chicken_0086.jpg:0.2689
Shaker_Lemon_Pie/Shaker_Lemon_Pie_0100.jpg,Shaker_Lemon_Pie,A plate of square shaker lemon with a leaf pattern on it,Shaker_Lemon_Pie/Shaker_Lemon_Pie_0100.jpg,Shaker_Lemon_Pie,A plate of square shaker lemon with a leaf pattern on it,1,1,Shaker_Lemon_Pie/Shaker_Lemon_Pie_0100.jpg,1,1,2.453936,1,0.566019,14.954805,0.566019,0.149060,0.419708,0.000143,0.568917,Shaker_Lemon_Pie/Shaker_Lemon_Pie_0100.jpg:0.5660; Plum_cake/Plum_cake_0097.jpg:0.5370; Apple_cobbler/Apple_cobbler_0095.jpg:0.5059; Cherry_pie/Cherry_pie_0083.jpg:0.4727; Apple_dumpling/Apple_dumpling_0083.jpg:0.3979
Shanghai_fried_noodles/Shanghai_fried_noodles_0096.jpg,Shanghai_fried_noodles,A pot of brown shanghai fried noodles topped with Chinese chives,Shanghai_fried_noodles/Shanghai_fried_noodles_0096.jpg,Shanghai_fried_noodles,A pot of brown shanghai fried noodles topped with Chinese chives,1,1,Shanghai_fried_noodles/Shanghai_fried_noodles_0096.jpg,1,1,5.382005,0,0.000000,17.566164,17.566164,0.143775,0.000026,0.000073,0.143877,Shanghai_fried_noodles/Shanghai_fried_noodles_0096.jpg:17.5662; Lo_mein/Lo_mein_0081.jpg:12.1842; Shanghai_fried_noodles/Shanghai_fried_noodles_0099.jpg:11.8615; Chow_mein/Chow_mein_0093.jpg:11.7749; Fuqi_feipian/Fuqi_feipian_0247.jpg:10.5053
She-crab_soup/She-crab_soup_0095.jpg,She-crab_soup,"A black pot of crab soup prepared using white crabs, served with green spices",She-crab_soup/She-crab_soup_0095.jpg,She-crab_soup,"A black pot of crab soup prepared using white crabs, served with green spices",1,1,She-crab_soup/She-crab_soup_0084.jpg,0,1,0.198199,1,0.616936,13.557408,0.616936,0.141927,0.863113,0.000150,1.005196,She-crab_soup/She-crab_soup_0095.jpg:0.6169; She-crab_soup/She-crab_soup_0099.jpg:0.5098; She-crab_soup/She-crab_soup_0084.jpg:0.3979; She-crab_soup/She-crab_soup_0085.jpg:0.3522; Corn_crab_soup/Corn_crab_soup_0091.jpg:0.3451
Sheep's_trotters/Sheep's_trotters_0097.jpg,Sheep's_trotters,Brown sheep's trotters served with green spices and white sesame on the top,Sheep's_trotters/Sheep's_trotters_0091.jpg,Sheep's_trotters,"A bowl of red sheep's trotters prepared using sheep's trotters, soy sauce and seasoning",0,1,Sheep's_trotters/Sheep's_trotters_0097.jpg,1,1,0.012882,1,0.413004,16.600613,0.413004,0.187419,1.758941,0.000145,1.946511,Sheep's_trotters/Sheep's_trotters_0091.jpg:0.4130; Pig's_trotters/Pig's_trotters_0083.jpg:0.4111; Sheep's_trotters/Sheep's_trotters_0098.jpg:0.3942; Pork_knuckle/Pork_knuckle_0091.jpg:0.3812; Sheep's_trotters/Sheep's_trotters_0097.jpg:0.3522
Shrimp_ball/Shrimp_ball_0089.jpg,Shrimp_ball,"Several yellow shrimp balls stacked together in a green round bowl, with two shrimp balls and a pink striped white handkerchief beside it.",Rice_ball/Rice_ball_0085.jpg,Rice_ball,"rice balls deep-fried till crunchy and golden brown, decorated with green leaves and stalks",0,0,Pommes_dauphine/Pommes_dauphine_0099.jpg,0,0,1.363199,1,0.453262,10.987679,0.453262,0.160489,1.023259,0.000148,1.183901,Rice_ball/Rice_ball_0085.jpg:0.4533; Fishcake/Fishcake_0083.jpg:0.3451; Pommes_dauphine/Pommes_dauphine_0083.jpg:0.2720; Pommes_dauphine/Pommes_dauphine_0099.jpg:0.2095; Pommes_dauphine/Pommes_dauphine_0095.jpg:0.2018
Shrimp_toast/Shrimp_toast_0098.jpg,Shrimp_toast,"Golden shrimp and toasts with a filling of shrimp, served with a fork and a glass of milk on the side",Cheese_maki/Cheese_maki_0122.jpg,Cheese_maki,"simple cheese maki with stuffings of ark shell slices and cheese, covered with salmon",0,0,Salmon_pie/Salmon_pie_0092.jpg,0,0,0.188966,1,0.411111,15.121603,0.411111,0.150847,0.972937,0.000152,1.123942,Cheese_maki/Cheese_maki_0122.jpg:0.4111; Salmon_pie/Salmon_pie_0092.jpg:0.3720; Shrimp_toast/Shrimp_toast_0095.jpg:0.3074; Salmon_pie/Salmon_pie_0097.jpg:0.2975; Salmon_pie/Salmon_pie_0094.jpg:0.2241
Shuizhu/Shuizhu_0097.jpg,Shuizhu,"Red shuizhu made with dried red chilies, beef shutters and meat, topped with green spices",Fuqi_feipian/Fuqi_feipian_0238.jpg,Fuqi_feipian,"The Fuqi feipian made of some tripe, tongue, and heart contains a lot of chili oil and some coriander",0,0,Shuizhu/Shuizhu_0092.jpg,0,1,0.010046,1,0.437823,19.867144,0.437823,0.147651,0.537677,0.000145,0.685478,Fuqi_feipian/Fuqi_feipian_0238.jpg:0.4378; Shuizhu/Shuizhu_0092.jpg:0.3923; Shuizhu/Shuizhu_0087.jpg:0.3451; Shuizhu/Shuizhu_0097.jpg:0.3363; Fuqi_feipian/Fuqi_feipian_0237.jpg:0.2674
Sliced_fish_soup/Sliced_fish_soup_0095.jpg,Sliced_fish_soup,A closeup of white sliced fish soup served with green spices on the top,Fish_soup/Fish_soup_0090.jpg,Fish_soup,"The white fish soup has a fish, in a round bowl with a black print.",0,0,Fish_head_casserole/Fish_head_casserole_0094.jpg,0,0,0.705040,1,0.569853,16.133085,0.569853,0.150218,0.940299,0.000134,1.090656,Fish_soup/Fish_soup_0090.jpg:0.5699; Fish_head_casserole/Fish_head_casserole_0094.jpg:0.5467; Fish_soup/Fish_soup_0091.jpg:0.5351; Fish_head_casserole/Fish_head_casserole_0088.jpg:0.5312; Fish_head_casserole/Fish_head_casserole_0090.jpg:0.3702
Smoked_salmon/Smoked_salmon_0093.jpg,Smoked_salmon,A share of thick orange smoked salmon slice served with green spices on the side,Smoked_salmon/Smoked_salmon_0093.jpg,Smoked_salmon,A share of thick orange smoked salmon slice served with green spices on the side,1,1,Gravlax/Gravlax_0082.jpg,0,1,0.240260,1,0.405449,13.524580,0.405449,0.161692,1.631354,0.000143,1.793195,Smoked_salmon/Smoked_salmon_0093.jpg:0.4054; Cured_salmon/Cured_salmon_0093.jpg:0.4017; Gravlax/Gravlax_0082.jpg:0.3558; Cured_salmon/Cured_salmon_0091.jpg:0.3141; Smoked_salmon/Smoked_salmon_0091.jpg:0.2720
Soba/Soba_0087.jpg,Soba,"Yellow soba, mung bean sprouts, red pepper strips, Dutch beans, fried tofu pieces, cashew nuts, peanuts and two small pieces of lemons, sprinkled with some chopped coriander, placed on a white round plate, and a pair of chopsticks with some noodles on the top of the plate.",Soba/Soba_0087.jpg,Soba,"Yellow soba, mung bean sprouts, red pepper strips, Dutch beans, fried tofu pieces, cashew nuts, peanuts and two small pieces of lemons, sprinkled with some chopped coriander, placed on a white round plate, and a pair of chopsticks with some noodles on the top of the plate.",1,1,Soba/Soba_0087.jpg,1,1,3.946235,0,0.000000,15.546833,15.546833,0.148191,0.000026,0.000072,0.148293,Soba/Soba_0087.jpg:15.5468; Fried_noodles/Fried_noodles_0094.jpg:11.6006; Soba/Soba_0081.jpg:9.7449; Lo_mein/Lo_mein_0084.jpg:9.5305; Fried_noodles/Fried_noodles_0098.jpg:8.6997
Sopa_de_Mandioca/Sopa_de_Mandioca_0101.jpg,Sopa_de_Mandioca,"In a small metal bowl, there are some purple and yellow Taro balls, burning grass, and mango.",Sopa_de_Mandioca/Sopa_de_Mandioca_0101.jpg,Sopa_de_Mandioca,"In a small metal bowl, there are some purple and yellow Taro balls, burning grass, and mango.",1,1,Sopa_de_Mandioca/Sopa_de_Mandioca_0101.jpg,1,1,2.679825,1,0.642432,20.166216,0.642432,0.149729,1.542958,0.000183,1.692876,Sopa_de_Mandioca/Sopa_de_Mandioca_0101.jpg:0.6424; Sopa_de_Mandioca/Sopa_de_Mandioca_0116.jpg:0.4359; Sopa_de_Mandioca/Sopa_de_Mandioca_0109.jpg:0.4321; Jiuniang/Jiuniang_0081.jpg:0.3702; Sopa_de_Mandioca/Sopa_de_Mandioca_0105.jpg:0.3433
Soused_herring/Soused_herring_0094.jpg,Soused_herring,Next to the grey peeled soused herring is a white mashed potato garnished with a sprig of rosemary,Soused_herring/Soused_herring_0081.jpg,Soused_herring,"On a gray dinner plate, a soused herring is delicately presented with mashed potato salad and sauerkraut.",0,1,Soused_herring/Soused_herring_0081.jpg,0,1,0.096586,1,0.447460,17.891184,0.447460,0.149544,1.537288,0.000154,1.686993,Soused_herring/Soused_herring_0081.jpg:0.4475; Soused_herring/Soused_herring_0094.jpg:0.3868; Soused_herring/Soused_herring_0086.jpg:0.2798; Soused_herring/Soused_herring_0084.jpg:0.2751; Soused_herring/Soused_herring_0096.jpg:0.2480
Spanish_rice/Spanish_rice_0084.jpg,Spanish_rice,A white with black rimmed serving bowl holds a fried brown and red Spanish rice with a lime garnish.,Spanish_rice/Spanish_rice_0093.jpg,Spanish_rice,A silver fork picks up some Spanish rice covered in orange sauce with red and green bell peppers,0,1,Spanish_rice/Spanish_rice_0097.jpg,0,0,1.329788,1,0.472683,8.246561,0.472683,0.152322,0.439377,0.000150,0.591855,Spanish_rice/Spanish_rice_0093.jpg:0.4727; Rice_and_peas/Rice_and_peas_0086.jpg:0.3381; Spanish_rice/Spanish_rice_0082.jpg:0.3208; Spanish_rice/Spanish_rice_0087.jpg:0.3191; Spanish_rice/Spanish_rice_0097.jpg:0.2751
Spatzle/Spatzle_0093.jpg,Spatzle,"A blue plate with a spatzle, a brown steak and some green peas",Spatzle/Spatzle_0093.jpg,Spatzle,"A blue plate with a spatzle, a brown steak and some green peas",1,1,Spatzle/Spatzle_0093.jpg,1,1,2.545303,1,0.717012,19.037659,0.717012,0.284787,2.465679,0.000148,2.750619,Spatzle/Spatzle_0093.jpg:0.7170; Spatzle/Spatzle_0083.jpg:0.3666; Spatzle/Spatzle_0084.jpg:0.2783; Spatzle/Spatzle_0081.jpg:0.2568; Spatzle/Spatzle_0095.jpg:0.2134
Spiced_beef/Spiced_beef_0094.jpg,Spiced_beef,"Three brown spiced beef on a wooden chopping board, one of which is pierced by an iron pick, and some green cucumber slices next to it",Spiced_beef/Spiced_beef_0094.jpg,Spiced_beef,"Three brown spiced beef on a wooden chopping board, one of which is pierced by an iron pick, and some green cucumber slices next to it",1,1,Spiced_beef/Spiced_beef_0094.jpg,1,1,3.263731,0,0.000000,16.741150,16.741150,0.152421,0.000028,0.000072,0.152524,Spiced_beef/Spiced_beef_0094.jpg:16.7411; kebab/kebab_0098.jpg:13.4774; Raita/Raita_0095.jpg:11.5775; Spiced_beef/Spiced_beef_0106.jpg:10.9000; kebab/kebab_0093.jpg:10.6754
Spinach_salad/Spinach_salad_0096.jpg,Spinach_salad,A golden fork and a spinach salad with yellow squash and white quinoa on a white plate,Spinach_salad/Spinach_salad_0096.jpg,Spinach_salad,A golden fork and a spinach salad with yellow squash and white quinoa on a white plate,1,1,Spinach_salad/Spinach_salad_0096.jpg,1,1,4.526248,0,0.000000,14.194322,14.194322,0.159860,0.000025,0.000070,0.159958,Spinach_salad/Spinach_salad_0096.jpg:14.1943; Potato_salad/Potato_salad_0093.jpg:9.6681; Spinach_salad/Spinach_salad_0082.jpg:9.5275; Spinach_salad/Spinach_salad_0093.jpg:8.1517; Tabbouleh/Tabbouleh_0095.jpg:7.4291
Spinach_soup/Spinach_soup_0087.jpg,Spinach_soup,It looks very fresh and tasty with the meatballs in the fresh and thick spinach soup.,Spinach_soup/Spinach_soup_0087.jpg,Spinach_soup,It looks very fresh and tasty with the meatballs in the fresh and thick spinach soup.,1,1,Spinach_soup/Spinach_soup_0087.jpg,1,1,5.111750,0,0.000000,22.846563,22.846563,0.149797,0.000027,0.000073,0.149900,Spinach_soup/Spinach_soup_0087.jpg:22.8466; Steamed_meatball/Steamed_meatball_0086.jpg:17.7348; Pig's_organ_soup/Pig's_organ_soup_0089.jpg:17.7101; Pig's_organ_soup/Pig's_organ_soup_0088.jpg:15.5882; Wotou/Wotou_0108.jpg:14.6793
Steak_tartare/Steak_tartare_0086.jpg,Steak_tartare,"A steak tartare, arranged in a black canned container, with a side of coarse fries.",Steak_tartare/Steak_tartare_0086.jpg,Steak_tartare,"A steak tartare, arranged in a black canned container, with a side of coarse fries.",1,1,Steak_tartare/Steak_tartare_0086.jpg,1,1,1.135971,1,0.611382,16.283325,0.611382,0.138394,0.423192,0.000146,0.561737,Steak_tartare/Steak_tartare_0086.jpg:0.6114; Steak_tartare/Steak_tartare_0085.jpg:0.4321; Steak_tartare/Steak_tartare_0095.jpg:0.4073; Crudo/Crudo_0090.jpg:0.3451; Shuizhu/Shuizhu_0097.jpg:0.3174
Steamed_clams/Steamed_clams_0091.jpg,Steamed_clams,"The silver pot is packed with steamed clams in their shells, some with yellow gravy and white minced garlic",Steamed_clams/Steamed_clams_0091.jpg,Steamed_clams,"The silver pot is packed with steamed clams in their shells, some with yellow gravy and white minced garlic",1,1,Steamed_clams/Steamed_clams_0084.jpg,0,1,0.486223,1,0.611382,13.343620,0.611382,0.154116,1.720342,0.000151,1.874614,Steamed_clams/Steamed_clams_0091.jpg:0.6114; Steamed_clams/Steamed_clams_0087.jpg:0.5622; Steamed_clams/Steamed_clams_0084.jpg:0.5390; Steamed_clams/Steamed_clams_0081.jpg:0.4883; Steamed_clams/Steamed_clams_0095.jpg:0.4766
Steamed_meatball/Steamed_meatball_0081.jpg,Steamed_meatball,"Three steamed meatballs covered with rich sauce, arranged on rice and served in a white round bowl.",Steamed_meatball/Steamed_meatball_0081.jpg,Steamed_meatball,"Three steamed meatballs covered with rich sauce, arranged on rice and served in a white round bowl.",1,1,Steamed_meatball/Steamed_meatball_0081.jpg,1,1,3.233509,0,0.000000,16.784906,16.784906,0.167511,0.000035,0.000110,0.167662,Steamed_meatball/Steamed_meatball_0081.jpg:16.7849; Vindaloo/Vindaloo_0097.jpg:13.5514; Steamed_meatball/Steamed_meatball_0092.jpg:13.4844; Steamed_meatball/Steamed_meatball_0082.jpg:13.1892; Steamed_meatball/Steamed_meatball_0090.jpg:10.8482
Steamed_rice/Steamed_rice_0096.jpg,Steamed_rice,White somewhat sticky steamed rice sprinkled with green cilantro and yellow garnishes on the side,Steamed_rice/Steamed_rice_0096.jpg,Steamed_rice,White somewhat sticky steamed rice sprinkled with green cilantro and yellow garnishes on the side,1,1,Steamed_rice/Steamed_rice_0096.jpg,1,1,0.693626,1,0.461017,10.361144,0.461017,0.147073,1.116119,0.000141,1.263338,Steamed_rice/Steamed_rice_0096.jpg:0.4610; Avocado_sauce/Avocado_sauce_0098.jpg:0.4417; Paupiette/Paupiette_0115.jpg:0.4417; Hainanese_chicken_rice/Hainanese_chicken_rice_0096.jpg:0.4168; Rendang/Rendang_0100.jpg:0.3720
Stew_peas/Stew_peas_0093.jpg,Stew_peas,A serving of stew peas with chunks of browned meat in a red and white patterned bowl,Stew_peas/Stew_peas_0093.jpg,Stew_peas,A serving of stew peas with chunks of browned meat in a red and white patterned bowl,1,1,Pork_Knuckles_and_Ginger_Stew/Pork_Knuckles_and_Ginger_Stew_0100.jpg,0,1,1.217387,1,0.689306,11.813440,0.689306,0.149165,0.860019,0.000153,1.009342,Stew_peas/Stew_peas_0093.jpg:0.6893; Fricassee/Fricassee_0088.jpg:0.4149; Pea_soup/Pea_soup_0089.jpg:0.4149; Pork_Knuckles_and_Ginger_Stew/Pork_Knuckles_and_Ginger_Stew_0100.jpg:0.2958; Sheep's_trotters/Sheep's_trotters_0098.jpg:0.2878
Stinky_tofu/Stinky_tofu_0085.jpg,Stinky_tofu,"A serving of stinky tofu, drizzled with chili sauce, is arranged on a round dinner plate and placed on a wooden dining table.",Stinky_tofu/Stinky_tofu_0093.jpg,Stinky_tofu,"Five black squares of stinky tofu stacked one on top of the other, sprinkled with chilli and chopped green onion",0,1,Stinky_tofu/Stinky_tofu_0092.jpg,0,0,0.763130,1,0.602062,22.166821,0.602062,0.147613,0.560263,0.000135,0.708016,Stinky_tofu/Stinky_tofu_0093.jpg:0.6021; Stinky_tofu/Stinky_tofu_0092.jpg:0.5506; Stinky_tofu/Stinky_tofu_0095.jpg:0.5078; Huangqiao_sesame_cake/Huangqiao_Sesame_Cake_0225.jpg:0.4571; Fried_Tofu/Fried_Tofu_0097.jpg:0.3141
Stir-fried_tomato_and_scrambled_eggs/Stir-fried_tomato_and_scrambled_eggs_0091.jpg,Stir-fried_tomato_and_scrambled_eggs,"stir-fried tomato and scrambled eggs consisting of yellow eggs, red tomatoes and green bell peppers",Stir-fried_tomato_and_scrambled_eggs/Stir-fried_tomato_and_scrambled_eggs_0091.jpg,Stir-fried_tomato_and_scrambled_eggs,"stir-fried tomato and scrambled eggs consisting of yellow eggs, red tomatoes and green bell peppers",1,1,Stir-fried_tomato_and_scrambled_eggs/Stir-fried_tomato_and_scrambled_eggs_0091.jpg,1,1,0.506149,1,0.658418,20.026960,0.658418,0.151193,1.200580,0.000150,1.351929,Stir-fried_tomato_and_scrambled_eggs/Stir-fried_tomato_and_scrambled_eggs_0091.jpg:0.6584; Stir-fried_tomato_and_scrambled_eggs/Stir-fried_tomato_and_scrambled_eggs_0081.jpg:0.6424; Stir-fried_tomato_and_scrambled_eggs/Stir-fried_tomato_and_scrambled_eggs_0096.jpg:0.4301; Stir-fried_tomato_and_scrambled_eggs/Stir-fried_tomato_and_scrambled_eggs_0085.jpg:0.3886; Jiuniang/Jiuniang_0098.jpg:0.2830
Strawberry_cheesecake/Strawberry_cheesecake_0088.jpg,Strawberry_cheesecake,Three strawberry cheesecake wedges topped with whipping cream and sliced strawberries along with a metal fork on a round white plate,Strawberry_cheesecake/Strawberry_cheesecake_0088.jpg,Strawberry_cheesecake,Three strawberry cheesecake wedges topped with whipping cream and sliced strawberries along with a metal fork on a round white plate,1,1,Strawberry_cheesecake/Strawberry_cheesecake_0088.jpg,1,1,2.400681,1,0.647798,16.057741,0.647798,0.155647,1.541343,0.000153,1.697149,Strawberry_cheesecake/Strawberry_cheesecake_0088.jpg:0.6478; Strawberry_pie/Strawberry_pie_0091.jpg:0.6460; Strawberry_tart/Strawberry_tart_0098.jpg:0.4824; French_toast/French_toast_0086.jpg:0.4513; Strawberry_tart/Strawberry_tart_0093.jpg:0.3905
Strawberry_ice_cream/Strawberry_ice_cream_0084.jpg,Strawberry_ice_cream,"A rectangular food storage box with a large portion of strawberry ice cream, decorated with green leaves, with a special spoon for ice cream.",Strawberry_ice_cream/Strawberry_ice_cream_0084.jpg,Strawberry_ice_cream,"A rectangular food storage box with a large portion of strawberry ice cream, decorated with green leaves, with a special spoon for ice cream.",1,1,Strawberry_ice_cream/Strawberry_ice_cream_0084.jpg,1,1,0.943049,1,0.670608,13.366561,0.670608,0.162548,1.625332,0.000146,1.788031,Strawberry_ice_cream/Strawberry_ice_cream_0084.jpg:0.6706; Strawberry_ice_cream/Strawberry_ice_cream_0083.jpg:0.4417; Strawberry_ice_cream/Strawberry_ice_cream_0087.jpg:0.3329; Strawberry_ice_cream/Strawberry_ice_cream_0094.jpg:0.3141; Red_bean_ice/Red_bean_ice_0100.jpg:0.2108
Strawberry_jam/Strawberry_jam_0093.jpg,Strawberry_jam,A green plate holds a small white bowl with a silver spoon and a bowl of strawberry jam next to a glass of strawberry jam in a clear glass jar,Strawberry_jam/Strawberry_jam_0093.jpg,Strawberry_jam,A green plate holds a small white bowl with a silver spoon and a bowl of strawberry jam next to a glass of strawberry jam in a clear glass jar,1,1,Strawberry_jam/Strawberry_jam_0081.jpg,0,1,0.254695,1,0.704160,10.629982,0.704160,0.155659,1.578253,0.000158,1.734076,Strawberry_jam/Strawberry_jam_0093.jpg:0.7042; Strawberry_jam/Strawberry_jam_0086.jpg:0.5870; Strawberry_jam/Strawberry_jam_0081.jpg:0.4301; Strawberry_jam/Strawberry_jam_0092.jpg:0.3739; Strawberry_sundae/Strawberry_sundae_0086.jpg:0.1871
Strawberry_pie/Strawberry_pie_0081.jpg,Strawberry_pie,A bright red strawberry pie is topped with strawberry jam and decorated with whipped cream.,Strawberry_pie/Strawberry_pie_0081.jpg,Strawberry_pie,A bright red strawberry pie is topped with strawberry jam and decorated with whipped cream.,1,1,Strawberry_pie/Strawberry_pie_0081.jpg,1,1,1.090322,1,0.667148,16.965956,0.667148,0.141716,0.388703,0.000148,0.530573,Strawberry_pie/Strawberry_pie_0081.jpg:0.6671; Strawberry_pie/Strawberry_pie_0094.jpg:0.5487; Strawberry_pie/Strawberry_pie_0095.jpg:0.5215; Strawberry_pie/Strawberry_pie_0082.jpg:0.5137; Strawberry_tart/Strawberry_tart_0098.jpg:0.3208
Strawberry_sundae/Strawberry_sundae_0084.jpg,Strawberry_sundae,"Strawberry sundae within champagne saucer with two fresh strawberries inside and cream and crushed nuts on top, a fan-shaped ornament in the sundae as well",Strawberry_sundae/Strawberry_sundae_0084.jpg,Strawberry_sundae,"Strawberry sundae within champagne saucer with two fresh strawberries inside and cream and crushed nuts on top, a fan-shaped ornament in the sundae as well",1,1,Strawberry_sundae/Strawberry_sundae_0084.jpg,1,1,0.021803,1,0.571767,17.065773,0.571767,0.140782,0.398035,0.000151,0.538973,Strawberry_sundae/Strawberry_sundae_0084.jpg:0.5718; Strawberry_sundae/Strawberry_sundae_0086.jpg:0.5098; Strawberry_sundae/Strawberry_sundae_0085.jpg:0.5098; Strawberry_sundae/Strawberry_sundae_0088.jpg:0.5078; Strawberry_sundae/Strawberry_sundae_0098.jpg:0.4130
Strawberry_tart/Strawberry_tart_0082.jpg,Strawberry_tart,Strawberry tart sprinkled with icing sugar within a stainless steel basin on top of a light orange striped table cloth,Strawberry_tart/Strawberry_tart_0082.jpg,Strawberry_tart,Strawberry tart sprinkled with icing sugar within a stainless steel basin on top of a light orange striped table cloth,1,1,Strawberry_tart/Strawberry_tart_0082.jpg,1,1,7.619319,0,0.000000,22.190424,22.190424,0.182986,0.000024,0.000067,0.183080,Strawberry_tart/Strawberry_tart_0082.jpg:22.1904; Strawberry_tart/Strawberry_tart_0081.jpg:14.5711; Strawberry_pie/Strawberry_pie_0094.jpg:13.6017; Strawberry_pie/Strawberry_pie_0082.jpg:13.2433; Strawberry_cake/Strawberry_cake_0082.jpg:11.9968
Stuffed_eggplant/Stuffed_eggplant_0085.jpg,Stuffed_eggplant,"On the lavender cloth, there is a lavender lunch box with a stuffed eggplant, decorated with a fork of the same color and pretty purple flowers.",Stuffed_eggplant/Stuffed_eggplant_0085.jpg,Stuffed_eggplant,"On the lavender cloth, there is a lavender lunch box with a stuffed eggplant, decorated with a fork of the same color and pretty purple flowers.",1,1,Stuffed_eggplant/Stuffed_eggplant_0085.jpg,1,1,7.975230,0,0.000000,19.974270,19.974270,0.169273,0.000034,0.000101,0.169412,Stuffed_eggplant/Stuffed_eggplant_0085.jpg:19.9743; Stuffed_eggplant/Stuffed_eggplant_0083.jpg:11.9990; Stuffed_eggplant/Stuffed_eggplant_0087.jpg:10.9782; Parmigiana/Parmigiana_0081.jpg:10.6844; Eggplant_omelette/Eggplant_omelette_0092.jpg:10.3359
Stuffed_peppers/Stuffed_peppers_0091.jpg,Stuffed_peppers,"Colorful stuffed peppers topped with a layer of white cheese, peppers come in yellow, green and red",Stuffed_peppers/Stuffed_peppers_0091.jpg,Stuffed_peppers,"Colorful stuffed peppers topped with a layer of white cheese, peppers come in yellow, green and red",1,1,Stuffed_peppers/Stuffed_peppers_0091.jpg,1,1,1.760252,1,0.581303,13.618061,0.581303,0.184819,1.852208,0.000143,2.037175,Stuffed_peppers/Stuffed_peppers_0091.jpg:0.5813; Stuffed_peppers/Stuffed_peppers_0083.jpg:0.4397; Stuffed_peppers/Stuffed_peppers_0081.jpg:0.4378; Stuffed_peppers/Stuffed_peppers_0082.jpg:0.4149; Stuffed_peppers/Stuffed_peppers_0092.jpg:0.3057
Stuffed_tomatoes/Stuffed_tomatoes_0114.jpg,Stuffed_tomatoes,"a delicate serving of stuffed tomato stuffed with an egg and sprinkled with green spices, served with toast on the side",Stuffed_tomatoes/Stuffed_tomatoes_0114.jpg,Stuffed_tomatoes,"a delicate serving of stuffed tomato stuffed with an egg and sprinkled with green spices, served with toast on the side",1,1,Stuffed_tomatoes/Stuffed_tomatoes_0114.jpg,1,1,6.315171,0,0.000000,18.073202,18.073202,0.147697,0.000028,0.000071,0.147799,Stuffed_tomatoes/Stuffed_tomatoes_0114.jpg:18.0732; Stuffed_tomatoes/Stuffed_tomatoes_0088.jpg:11.7580; Stuffed_tomatoes/Stuffed_tomatoes_0098.jpg:10.0568; Stuffed_tomatoes/Stuffed_tomatoes_0090.jpg:10.0415; Tomato_omelette/Tomato_omelette_0095.jpg:9.2249
Suanmeitang/Suanmeitang_0082.jpg,Suanmeitang,Dried hawthorn slices and other ingredients with water in a black stewpot alongside a wooden spoon on the table to make Suanmeitang,Suanmeitang/Suanmeitang_0082.jpg,Suanmeitang,Dried hawthorn slices and other ingredients with water in a black stewpot alongside a wooden spoon on the table to make Suanmeitang,1,1,Suanmeitang/Suanmeitang_0094.jpg,0,1,0.397787,1,0.548673,13.432906,0.548673,0.148822,0.561020,0.000154,0.710002,Suanmeitang/Suanmeitang_0082.jpg:0.5487; Shuizhu/Shuizhu_0083.jpg:0.4321; Hongshao_rou/Hongshao_rou_0090.jpg:0.3451; Suanmeitang/Suanmeitang_0094.jpg:0.3057; Suanmeitang/Suanmeitang_0089.jpg:0.2031
Succotash/Succotash_0095.jpg,Succotash,A black metal pot with a handle and a silver spoon with a serving of succotash lie on a green tablecloth,Succotash/Succotash_0092.jpg,Succotash,"A bowl of succotash with yellow corn kernels, red diced tomatoes and green peas in a white bowl with black patterns",0,1,Succotash/Succotash_0092.jpg,0,0,2.989919,1,0.665411,16.853125,0.665411,0.298464,2.658687,0.000155,2.957313,Succotash/Succotash_0092.jpg:0.6654; Cebolada/Cebolada_0087.jpg:0.3886; Succotash/Succotash_0088.jpg:0.3666; Succotash/Succotash_0087.jpg:0.3398; Succotash/Succotash_0086.jpg:0.3040
Suckling_pig/Suckling_pig_0084.jpg,Suckling_pig,Crispy roasted suckling pig cut into pieces on a round plate alongside a plate of thickly shredded cucumber on the table,Babi_panggang/Babi_panggang_0172.jpg,Babi_panggang,"On a noval plate, there is Babi panggang with fat and lean meat and crispy skin, cucumber slices at the bottom",0,0,Suckling_pig/Suckling_pig_0083.jpg,0,1,0.531067,1,0.537041,12.246699,0.537041,0.169078,1.704244,0.000162,1.873490,Babi_panggang/Babi_panggang_0172.jpg:0.5370; Suckling_pig/Suckling_pig_0084.jpg:0.4533; Babi_panggang/Babi_panggang_0086.jpg:0.3886; Suckling_pig/Suckling_pig_0083.jpg:0.3775; Suckling_pig/Suckling_pig_0090.jpg:0.2628
Sweet_saffron_rice/Sweet_saffron_rice_0083.jpg,Sweet_saffron_rice,A square-shaped white plate of sweet saffron rice garnished with a parsley leaf on the top,Sweet_saffron_rice/Sweet_saffron_rice_0083.jpg,Sweet_saffron_rice,A square-shaped white plate of sweet saffron rice garnished with a parsley leaf on the top,1,1,Sweet_saffron_rice/Sweet_saffron_rice_0083.jpg,1,1,0.463427,1,0.605799,12.509960,0.605799,0.142174,0.438576,0.000156,0.580911,Sweet_saffron_rice/Sweet_saffron_rice_0083.jpg:0.6058; Sweet_saffron_rice/Sweet_saffron_rice_0091.jpg:0.5679; Biryani/Biryani_0091.jpg:0.3612; Steamed_rice/Steamed_rice_0096.jpg:0.3024; Seafood_pizza/Seafood_pizza_0093.jpg:0.2644
Syrniki/Syrniki_0086.jpg,Syrniki,A small glass bowl of fruit jam surrounded with some golden brown Syrniki on the round plate,Syrniki/Syrniki_0086.jpg,Syrniki,A small glass bowl of fruit jam surrounded with some golden brown Syrniki on the round plate,1,1,Syrniki/Syrniki_0086.jpg,1,1,1.643343,1,0.462959,15.062094,0.462959,0.141097,0.411333,0.000154,0.552590,Syrniki/Syrniki_0086.jpg:0.4630; Fried_cheese/Fried_cheese_0087.jpg:0.4092; Syrniki/Syrniki_0083.jpg:0.3558; Pączki/Pączki_0096.jpg:0.3157; Red_bean_cake/Red_bean_cake_0085.jpg:0.3107
Tabbouleh/Tabbouleh_0091.jpg,Tabbouleh,"A serving of tabbouleh consisting of red diced tomatoes, green diced cucumbers and white quinoa is served on a white plate with a black ring pattern",Israeli_salad/Israeli_salad_0098.jpg,Israeli_salad,"A bowl of beautiful Israeli salad mixing cherry tomatoes, cowpea, couscous, olive oil and lemon juice",0,0,Israeli_salad/Israeli_salad_0098.jpg,0,1,0.606147,1,0.566019,12.434058,0.566019,0.141222,0.422518,0.000150,0.563896,Israeli_salad/Israeli_salad_0098.jpg:0.5660; Tabbouleh/Tabbouleh_0084.jpg:0.5622; Tabbouleh/Tabbouleh_0091.jpg:0.4961; Tabbouleh/Tabbouleh_0094.jpg:0.4436; Tabbouleh/Tabbouleh_0092.jpg:0.3849
Tacos/Tacos_0090.jpg,Tacos,"A pile of Tacos with roasted meat, diced tomatoes and cheese inside garnished with sliced green chili and chopped parsley leaves on the surface",Tacos/Tacos_0090.jpg,Tacos,"A pile of Tacos with roasted meat, diced tomatoes and cheese inside garnished with sliced green chili and chopped parsley leaves on the surface",1,1,Tacos/Tacos_0090.jpg,1,1,4.381101,0,0.000000,13.072716,13.072716,0.157690,0.000027,0.000073,0.157793,Tacos/Tacos_0090.jpg:13.0727; Nachos/Nachos_0085.jpg:8.6916; Tacos/Tacos_0095.jpg:8.1635; Quesadilla/Quesadilla_0090.jpg:7.6204; Quesadilla/Quesadilla_0084.jpg:7.3252
Tafelspitz/Tafelspitz_0093.jpg,Tafelspitz,Two brown slices of tafelspitz on a white plate with some yellow and red side dishes and two silver knives and forks on the side of the plate,Boiled_beef/Boiled_beef_0085.jpg,Boiled_beef,"The marinated boiled beef is served with chunks of potato and diced carrots, garnished with a dash of shredded onion and coriander.",0,0,Boiled_beef/Boiled_beef_0085.jpg,0,0,0.082867,1,0.535098,16.217051,0.535098,0.149051,0.420169,0.000141,0.569367,Boiled_beef/Boiled_beef_0085.jpg:0.5351; Tafelspitz/Tafelspitz_0083.jpg:0.4863; Tafelspitz/Tafelspitz_0087.jpg:0.4282; Beef_Wellington/Beef_Wellington_0085.jpg:0.3720; Tafelspitz/Tafelspitz_0095.jpg:0.2991
Takoyaki/Takoyaki_0097.jpg,Takoyaki,A black metal tray with a lot of golden Takoyaki on it.,Takoyaki/Takoyaki_0097.jpg,Takoyaki,A black metal tray with a lot of golden Takoyaki on it.,1,1,Takoyaki/Takoyaki_0097.jpg,1,1,0.908800,1,0.724870,18.417692,0.724870,0.148719,0.643383,0.000147,0.792254,Takoyaki/Takoyaki_0097.jpg:0.7249; Takoyaki/Takoyaki_0084.jpg:0.6826; Wotou/Wotou_0096.jpg:0.5699; Takoyaki/Takoyaki_0086.jpg:0.5679; Wotou/Wotou_0101.jpg:0.4054
Taro_dumpling/Taro_dumpling_0092.jpg,Taro_dumpling,"Two golden taro dumplings in a small white paper bowl, one of which were cut in the middle to reveal the pink filling",Taro_dumpling/Taro_dumpling_0093.jpg,Taro_dumpling,Golden yellow taro dumpling with a netted crust is cut in the middle and with a brownish broth inside,0,1,Taro_dumpling/Taro_dumpling_0093.jpg,0,1,3.221113,0,0.000000,20.137388,20.137388,0.154904,0.000027,0.000074,0.155009,Taro_dumpling/Taro_dumpling_0093.jpg:20.1374; Taro_dumpling/Taro_dumpling_0085.jpg:16.9163; Taro_dumpling/Taro_dumpling_0092.jpg:16.8435; Taro_dumpling/Taro_dumpling_0084.jpg:16.6185; Taro_dumpling/Taro_dumpling_0089.jpg:15.2287
Toad_in_the_hole/Toad_in_the_hole_0081.jpg,Toad_in_the_hole,A portion of Toad in the hole within whole sausages baked in the pudding batter in a rectangular ovenware,Toad_in_the_hole/Toad_in_the_hole_0089.jpg,Toad_in_the_hole,Several sausages lying in the pudding batter in a rectangular bowl baked to a golden brown color made the portion of Toad in the hole,0,1,Toad_in_the_hole/Toad_in_the_hole_0089.jpg,0,1,3.566622,0,0.000000,19.599884,19.599884,0.159641,0.000026,0.000073,0.159743,Toad_in_the_hole/Toad_in_the_hole_0089.jpg:19.5999; Toad_in_the_hole/Toad_in_the_hole_0081.jpg:16.0333; Toad_in_the_hole/Toad_in_the_hole_0092.jpg:14.4612; Toad_in_the_hole/Toad_in_the_hole_0093.jpg:14.2039; Toad_in_the_hole/Toad_in_the_hole_0082.jpg:13.3193
Tobiko/Tobiko_0088.jpg,Tobiko,There are so many bright orange-colored tobiko wrapped in toasted seaweed,Tobiko/Tobiko_0088.jpg,Tobiko,There are so many bright orange-colored tobiko wrapped in toasted seaweed,1,1,Tobiko/Tobiko_0088.jpg,1,1,2.751412,1,0.527317,16.557854,0.527317,0.151811,0.392427,0.000143,0.544385,Tobiko/Tobiko_0088.jpg:0.5273; Tobiko/Tobiko_0083.jpg:0.4397; Tobiko/Tobiko_0093.jpg:0.3612; Tobiko/Tobiko_0097.jpg:0.2894; Tobiko/Tobiko_0081.jpg:0.2480
Tomato_and_egg_soup/Tomato_and_egg_soup_0049.jpg,Tomato_and_egg_soup,A blue and brown color ceramic bowl of tomato and egg soup with chopped green onion on the surface,Tomato_and_egg_soup/Tomato_and_egg_soup_0049.jpg,Tomato_and_egg_soup,A blue and brown color ceramic bowl of tomato and egg soup with chopped green onion on the surface,1,1,Tomato_and_egg_soup/Tomato_and_egg_soup_0049.jpg,1,1,2.099155,1,0.771843,18.530598,0.771843,0.205380,1.952516,0.000144,2.158047,Tomato_and_egg_soup/Tomato_and_egg_soup_0049.jpg:0.7718; Tomato_and_egg_soup/Tomato_and_egg_soup_0053.jpg:0.6514; Tomato_and_egg_soup/Tomato_and_egg_soup_0050.jpg:0.5870; Tomato_and_egg_soup/Tomato_and_egg_soup_0057.jpg:0.5059; Jiuniang/Jiuniang_0098.jpg:0.3040
Tomato_bredie/Tomato_bredie_0092.jpg,Tomato_bredie,A bowl of orange tomato bredie with many pieces of light brown beef in a transparent glass bowl,Tomato_bredie/Tomato_bredie_0092.jpg,Tomato_bredie,A bowl of orange tomato bredie with many pieces of light brown beef in a transparent glass bowl,1,1,Boiled_beef/Boiled_beef_0099.jpg,0,1,0.152115,1,0.700895,15.079612,0.700895,0.153037,0.962192,0.000148,1.115383,Tomato_bredie/Tomato_bredie_0092.jpg:0.7009; Tomato_bredie/Tomato_bredie_0089.jpg:0.4494; Pot_roast/Pot_roast_0093.jpg:0.3684; Tomato_soup/Tomato_soup_0086.jpg:0.3648; Boiled_beef/Boiled_beef_0099.jpg:0.3416
Tomato_omelette/Tomato_omelette_0093.jpg,Tomato_omelette,On top of the white plate was a Tomato omelette with avocado and some chives sprinkled on top.,Tomato_omelette/Tomato_omelette_0093.jpg,Tomato_omelette,On top of the white plate was a Tomato omelette with avocado and some chives sprinkled on top.,1,1,Tomato_omelette/Tomato_omelette_0093.jpg,1,1,9.942718,0,0.000000,21.038475,21.038475,0.153340,0.000028,0.000076,0.153448,Tomato_omelette/Tomato_omelette_0093.jpg:21.0385; Tomato_omelette/Tomato_omelette_0099.jpg:11.0958; Tomato_omelette/Tomato_omelette_0098.jpg:10.5213; Tomato_omelette/Tomato_omelette_0095.jpg:10.1187; Tomato_omelette/Tomato_omelette_0090.jpg:9.7795
Tomato_soup/Tomato_soup_0097.jpg,Tomato_soup,A red Tomato soup with beef and coriander is served with a cup of tea and a pair of chopsticks.,Tomato_soup/Tomato_soup_0086.jpg,Tomato_soup,"A white ceramic spoon is carrying a piece of sliced tomato, below is a bowl of tomato soup with meat and needle mushroom inside",0,1,Pot_roast/Pot_roast_0093.jpg,0,0,0.347437,1,0.426322,16.731617,0.426322,0.155277,1.540784,0.000149,1.696215,Tomato_soup/Tomato_soup_0086.jpg:0.4263; Dong'an_chicken/Dong'an_chicken_0071.jpg:0.3868; Pot_roast/Pot_roast_0093.jpg:0.3648; Boiled_beef/Boiled_beef_0099.jpg:0.3504; Shuizhu/Shuizhu_0097.jpg:0.3451
Torta_caprese/Torta_caprese_0084.jpg,Torta_caprese,A piece of Torta caprese covered with a layer of chocolate cream on a round white plate alongside a cup of coffee on the table,Torta_caprese/Torta_caprese_0084.jpg,Torta_caprese,A piece of Torta caprese covered with a layer of chocolate cream on a round white plate alongside a cup of coffee on the table,1,1,Torta_caprese/Torta_caprese_0084.jpg,1,1,4.225995,0,0.000000,14.253532,14.253532,0.159012,0.000026,0.000073,0.159114,Torta_caprese/Torta_caprese_0084.jpg:14.2535; Butter_cake/Butter_cake_0091.jpg:10.0275; Fuqi_feipian/Fuqi_feipian_0244.jpg:8.9889; Butter_cake/Butter_cake_0081.jpg:8.8001; Butter_cake/Butter_cake_0095.jpg:8.7118
Tsukemono/Tsukemono_0093.jpg,Tsukemono,A few diced cucumbers sprinkled with yellow wooden fish fillets in a clear glass bowl together make a tsukemono,Tsukemono/Tsukemono_0091.jpg,Tsukemono,The tsukemono is neatly packed with sliced green cucumbers and purple eggplants,0,1,Tsukemono/Tsukemono_0091.jpg,0,1,3.478628,0,0.000000,17.242226,17.242226,0.151369,0.000025,0.000071,0.151468,Tsukemono/Tsukemono_0091.jpg:17.2422; Tsukemono/Tsukemono_0093.jpg:13.7636; Pickled_cucumber/Pickled_cucumber_0092.jpg:13.7558; Tobiko/Tobiko_0097.jpg:12.7242; Konnyaku/Konnyaku_0094.jpg:11.4438
Tuna_fish_sandwich/Tuna_fish_sandwich_0096.jpg,Tuna_fish_sandwich,On top of the white plate were two Tuna fish sandwiches generously loaded with salad dressing and lettuce.,Tuna_fish_sandwich/Tuna_fish_sandwich_0096.jpg,Tuna_fish_sandwich,On top of the white plate were two Tuna fish sandwiches generously loaded with salad dressing and lettuce.,1,1,Tuna_fish_sandwich/Tuna_fish_sandwich_0082.jpg,0,1,0.464800,1,0.468791,13.739267,0.468791,0.144251,0.396257,0.000148,0.540660,Tuna_fish_sandwich/Tuna_fish_sandwich_0096.jpg:0.4688; Tuna_fish_sandwich/Tuna_fish_sandwich_0082.jpg:0.4359; Tuna_fish_sandwich/Tuna_fish_sandwich_0085.jpg:0.3702; Tuna_fish_sandwich/Tuna_fish_sandwich_0094.jpg:0.2351; Tuna_fish_sandwich/Tuna_fish_sandwich_0086.jpg:0.2268
Tuna_salad/Tuna_salad_0091.jpg,Tuna_salad,"In a clear glass bowl is Tuna salad with onions, tomatoes, cucumbers, and parsley.",Tuna_salad/Tuna_salad_0091.jpg,Tuna_salad,"In a clear glass bowl is Tuna salad with onions, tomatoes, cucumbers, and parsley.",1,1,Tuna_salad/Tuna_salad_0091.jpg,1,1,4.865625,0,0.000000,16.170784,16.170784,0.145005,0.000027,0.000074,0.145110,Tuna_salad/Tuna_salad_0091.jpg:16.1708; Olivier_salad/Olivier_salad_0093.jpg:11.3052; Chicken_salad/Chicken_salad_0081.jpg:10.6710; Panzanella/Panzanella_0097.jpg:10.5283; Bean_salad/Bean_salad_0083.jpg:10.4142
Turnip_cake/Turnip_cake_0085.jpg,Turnip_cake,Three pieces of turnip cake displayed on a edge flipped white rectangle plate,Turnip_cake/Turnip_cake_0085.jpg,Turnip_cake,Three pieces of turnip cake displayed on a edge flipped white rectangle plate,1,1,Turnip_cake/Turnip_cake_0092.jpg,0,1,1.280148,1,0.609524,19.380852,0.609524,0.157636,1.625912,0.000155,1.783708,Turnip_cake/Turnip_cake_0085.jpg:0.6095; Turnip_cake/Turnip_cake_0094.jpg:0.5832; Turnip_cake/Turnip_cake_0092.jpg:0.5679; Huangqiao_sesame_cake/Huangqiao_Sesame_Cake_0225.jpg:0.5525; Turnip_cake/Turnip_cake_0093.jpg:0.3739
Twix/Twix_0089.jpg,Twix,"A lot of Twix candies on the wooden table, some within a red container, a Twix wrapper behind",Twix/Twix_0089.jpg,Twix,"A lot of Twix candies on the wooden table, some within a red container, a Twix wrapper behind",1,1,Twix/Twix_0089.jpg,1,1,1.203261,1,0.656658,11.991161,0.656658,0.150453,1.415473,0.000154,1.566086,Twix/Twix_0089.jpg:0.6567; Twix/Twix_0094.jpg:0.4980; Twix/Twix_0098.jpg:0.4321; Twix/Twix_0100.jpg:0.3024; Twix/Twix_0088.jpg:0.2309
Vegetarian_chili/Vegetarian_chili_0094.jpg,Vegetarian_chili,Take a portion of a pot of Vegetarian chili and place it in a wooden bowl and sprinkle with some chopped green onion.,Vegetarian_chili/Vegetarian_chili_0094.jpg,Vegetarian_chili,Take a portion of a pot of Vegetarian chili and place it in a wooden bowl and sprinkle with some chopped green onion.,1,1,Vegetarian_chili/Vegetarian_chili_0094.jpg,1,1,4.707541,0,0.000000,17.859669,17.859669,0.284347,0.000029,0.000072,0.284451,Vegetarian_chili/Vegetarian_chili_0094.jpg:17.8597; Red_beans_and_rice/Red_beans_and_rice_0096.jpg:13.1521; Vegetarian_chili/Vegetarian_chili_0093.jpg:10.8088; Hoppin'_John/Hoppin'_John_0096.jpg:9.9847; Rice_and_peas/Rice_and_peas_0083.jpg:9.4759
Vichyssoise/Vichyssoise_0096.jpg,Vichyssoise,"On top of the white plate is Vichyssoise with raw oysters, caviar, spring onions, and rosemary.",Vichyssoise/Vichyssoise_0096.jpg,Vichyssoise,"On top of the white plate is Vichyssoise with raw oysters, caviar, spring onions, and rosemary.",1,1,Vichyssoise/Vichyssoise_0096.jpg,1,1,8.086298,0,0.000000,19.722107,19.722107,0.156056,0.000024,0.000068,0.156151,Vichyssoise/Vichyssoise_0096.jpg:19.7221; Vichyssoise/Vichyssoise_0083.jpg:11.6358; Vichyssoise/Vichyssoise_0093.jpg:11.2994; Bisque_food/Bisque_food_0094.jpg:10.8434; Vichyssoise/Vichyssoise_0100.jpg:10.7430
Vindaloo/Vindaloo_0091.jpg,Vindaloo,In a pot with gold-colored handles is Vindaloo with meat and coriander.,Vindaloo/Vindaloo_0091.jpg,Vindaloo,In a pot with gold-colored handles is Vindaloo with meat and coriander.,1,1,Rogan_josh/Rogan_josh_0085.jpg,0,1,0.267798,1,0.585101,13.212590,0.585101,0.186412,1.866891,0.000181,2.053490,Vindaloo/Vindaloo_0091.jpg:0.5851; Vindaloo/Vindaloo_0100.jpg:0.4591; Rogan_josh/Rogan_josh_0090.jpg:0.4533; Rogan_josh/Rogan_josh_0085.jpg:0.4282; Aloo_gobi/Aloo_gobi_0094.jpg:0.2337
Vitello_tonnato/Vitello_tonnato_0095.jpg,Vitello_tonnato,"A Vitello Tonnato dish made of some pinkish slices of marinated veal topped with some slices of lemon and white cream sprinkled with some dark pickled capers on the surface, and with some arugulas along the edge of the plate.",Vitello_tonnato/Vitello_tonnato_0095.jpg,Vitello_tonnato,"A Vitello Tonnato dish made of some pinkish slices of marinated veal topped with some slices of lemon and white cream sprinkled with some dark pickled capers on the surface, and with some arugulas along the edge of the plate.",1,1,Vitello_tonnato/Vitello_tonnato_0085.jpg,0,1,0.584224,1,0.665411,14.777872,0.665411,0.168283,1.707801,0.000150,1.876240,Vitello_tonnato/Vitello_tonnato_0095.jpg:0.6654; Gravlax/Gravlax_0091.jpg:0.5117; Vitello_tonnato/Vitello_tonnato_0097.jpg:0.4571; Vitello_tonnato/Vitello_tonnato_0085.jpg:0.3398; Vitello_tonnato/Vitello_tonnato_0090.jpg:0.3141
Wakame/Wakame_0095.jpg,Wakame,"On a large bowl, some long and thin shreds of wakame with a juicy texture mixed with white sesame seeds and dried red pepper rings.",Wakame/Wakame_0092.jpg,Wakame,"Lots of light-green wakame shreds topped with black and white sesame seeds, on a white bowl.",0,1,Wakame/Wakame_0086.jpg,0,1,0.001011,1,0.699254,14.656746,0.699254,0.146405,0.434504,0.000152,0.581066,Wakame/Wakame_0092.jpg:0.6993; Wakame/Wakame_0091.jpg:0.6619; Wakame/Wakame_0095.jpg:0.6058; Wakame/Wakame_0093.jpg:0.5020; Wakame/Wakame_0086.jpg:0.4668
Wenchang_chicken/Wenchang_chicken_0099.jpg,Wenchang_chicken,"Topped with some cilantro, a plate of juicy chunks of golden Wenchang chicken with a soft texture.",White_cut_chicken/White_cut_chicken_0091.jpg,White_cut_chicken,A dish of White Cut chicken consists of some succulent chunks of boiled chicken with golden skin.,0,0,White_cut_chicken/White_cut_chicken_0091.jpg,0,1,1.937937,1,0.466846,16.446203,0.466846,0.148130,0.734152,0.000146,0.882433,White_cut_chicken/White_cut_chicken_0091.jpg:0.4668; Wenchang_chicken/Wenchang_chicken_0099.jpg:0.4649; Dong'an_chicken/Dong'an_chicken_0100.jpg:0.4036; Wenchang_chicken/Wenchang_chicken_0083.jpg:0.3576; Wenchang_chicken/Wenchang_chicken_0089.jpg:0.3504
White_boiled_shrimp/White_boiled_shrimp_0096.jpg,White_boiled_shrimp,Many bright-orange white boiled shrimps on the top of some lettuce on a white and round plate.,White_boiled_shrimp/White_boiled_shrimp_0096.jpg,White_boiled_shrimp,Many bright-orange white boiled shrimps on the top of some lettuce on a white and round plate.,1,1,White_boiled_shrimp/White_boiled_shrimp_0081.jpg,0,1,1.134845,1,0.618780,13.829243,0.618780,0.166862,1.581403,0.000150,1.748421,White_boiled_shrimp/White_boiled_shrimp_0096.jpg:0.6188; Drunken_shrimp/Drunken_shrimp_0100.jpg:0.4494; White_boiled_shrimp/White_boiled_shrimp_0081.jpg:0.4397; Prawn_cocktail/Prawn_cocktail_0088.jpg:0.3259; White_boiled_shrimp/White_boiled_shrimp_0087.jpg:0.3225
White_cut_chicken/White_cut_chicken_0093.jpg,White_cut_chicken,Some thick and golden slices of White Cut chicken in two rows on a white plate served with a saucer of spicy sauce with chopped garlic and green onions.,White_cut_chicken/White_cut_chicken_0091.jpg,White_cut_chicken,A dish of White Cut chicken consists of some succulent chunks of boiled chicken with golden skin.,0,1,Bon_bon_chicken/Bon_bon_chicken_0086.jpg,0,0,0.229736,1,0.468791,18.065241,0.468791,0.147774,0.886942,0.000150,1.034872,White_cut_chicken/White_cut_chicken_0091.jpg:0.4688; Dong'an_chicken/Dong'an_chicken_0071.jpg:0.4455; Dong'an_chicken/Dong'an_chicken_0100.jpg:0.4187; Drunken_chicken/Drunken_chicken_0092.jpg:0.4073; Bon_bon_chicken/Bon_bon_chicken_0086.jpg:0.3469
Whitebait/Whitebait_0083.jpg,Whitebait,"On some newspapers, lots of golden battered whitebait with a super crunchy texture served with a saucer of yellow sauce and some lemon wedges.",Whitebait/Whitebait_0083.jpg,Whitebait,"On some newspapers, lots of golden battered whitebait with a super crunchy texture served with a saucer of yellow sauce and some lemon wedges.",1,1,Whitebait/Whitebait_0083.jpg,1,1,8.373089,0,0.000000,25.576866,25.576866,0.179443,0.000022,0.000064,0.179532,Whitebait/Whitebait_0083.jpg:25.5769; Whitebait/Whitebait_0087.jpg:17.2038; Whitebait/Whitebait_0091.jpg:16.3484; Whitebait/Whitebait_0081.jpg:15.2341; Whitebait/Whitebait_0095.jpg:13.8818
Wonton_noodles/Wonton_noodles_0067.jpg,Wonton_noodles,Wonton noodles spiced with Szechuan chili sauce and minced green onions,Hokkien_mee/Hokkien_mee_0095.jpg,Hokkien_mee,"Some noodles with some soup, shrimp, lean pork slices, bean sprouts, a half-cut egg, some green vegetables, and a tablespoon of red sauce made into Hokkien mee",0,0,Pork_ball/Pork_ball_0088.jpg,0,0,2.140142,1,0.384912,12.948857,0.384912,0.157676,1.111798,0.000138,1.269618,Hokkien_mee/Hokkien_mee_0095.jpg:0.3849; Pork_ball/Pork_ball_0088.jpg:0.3666; Wonton_noodles/Wonton_noodles_0072.jpg:0.3594; Hae_mee/Hae_mee_0095.jpg:0.3522; Shrimp_ball/Shrimp_ball_0087.jpg:0.2659
Wotou/Wotou_0091.jpg,Wotou,Many brown Wotous with a smooth surface on a stainless steel steamer.,Wotou/Wotou_0091.jpg,Wotou,Many brown Wotous with a smooth surface on a stainless steel steamer.,1,1,Wotou/Wotou_0091.jpg,1,1,0.545324,1,0.689306,18.287104,0.689306,0.156720,1.188220,0.000153,1.345099,Wotou/Wotou_0091.jpg:0.6893; Wotou/Wotou_0096.jpg:0.4111; Jiuniang/Jiuniang_0099.jpg:0.3007; Wotou/Wotou_0101.jpg:0.2926; Wotou/Wotou_0108.jpg:0.2862
Youtiao/Youtiao_0086.jpg,Youtiao,Three super long Youtiaos in golden colour and with a crunchy surface are wrapped up by some white paper.,Youtiao/Youtiao_0086.jpg,Youtiao,Three super long Youtiaos in golden colour and with a crunchy surface are wrapped up by some white paper.,1,1,Youtiao/Youtiao_0086.jpg,1,1,8.952318,0,0.000000,25.557697,25.557697,0.160794,0.000024,0.000063,0.160885,Youtiao/Youtiao_0086.jpg:25.5577; Youtiao/Youtiao_0098.jpg:16.6054; Youtiao/Youtiao_0083.jpg:16.0869; Youtiao/Youtiao_0095.jpg:12.9315; Youtiao/Youtiao_0093.jpg:12.8219
kebab/kebab_0091.jpg,kebab,A rectangular plate of freshly grilled skewered meat dishes called Kebab,kebab/kebab_0091.jpg,kebab,A rectangular plate of freshly grilled skewered meat dishes called Kebab,1,1,kebab/kebab_0098.jpg,0,1,0.164887,1,0.579400,13.649390,0.579400,0.147548,0.930223,0.000154,1.077930,kebab/kebab_0091.jpg:0.5794; kebab/kebab_0098.jpg:0.4225; Fried_Tofu/Fried_Tofu_0081.jpg:0.3174; Rendang/Rendang_0085.jpg:0.2894; Rendang/Rendang_0089.jpg:0.2408
Æbleflæsk/Æbleflæsk_0092.jpg,Æbleflæsk,Two large brownish pieces of well grilled Æbleflæsk belly with shiny surface cooked together with apples and onions and cumin on top,Æbleflæsk/Æbleflæsk_0092.jpg,Æbleflæsk,Two large brownish pieces of well grilled Æbleflæsk belly with shiny surface cooked together with apples and onions and cumin on top,1,1,Æbleflæsk/Æbleflæsk_0092.jpg,1,1,4.214672,0,0.000000,25.068157,25.068157,0.146381,0.000023,0.000069,0.146476,Æbleflæsk/Æbleflæsk_0092.jpg:25.0682; Æbleflæsk/Æbleflæsk_0087.jpg:20.8535; Æbleflæsk/Æbleflæsk_0094.jpg:19.9558; Æbleflæsk/Æbleflæsk_0083.jpg:19.9051; Æbleflæsk/Æbleflæsk_0089.jpg:19.7051
